Vin,Engine_Desc,Transmission_Desc,Body_Style,Platform,Repair_Age,Km,Customer_Verbatim,Correction_Verbatim,Causal_Part_Nm,Transaction_Category,Totalcost,Lbrcost,Reporting_Cost,Dealer_Name,Repair_Dlr_City,State,Dealer_Region,Combined_Text,Clean_Text,Generated_Tags
3Hcfdde89Sh220903,"Diesel, 6 Cyl, 3.0L, Cri, L6, Dohc, Turbo, Vgt, Alum, Css50V, Var. 2","Byt 10 Spd, 10L80, Atss, Etrs, Cpa, Gen 2",Crew Cab,Full-Size Trucks,6,8872,Steering Wheel Coming Apart,Replaced Steering Wheel Now Okay,Wheel Asm-Strg *Jet Black,Freg,370.03,61.46,370.03,Apex Auto Sales,St Johns,Mi,1,Steering Wheel Coming Apart Replaced Steering Wheel Now Okay,steering wheel coming apart replaced steering wheel now okay,['steering_issue']
1Hrffee8Xsz230636,"Diesel, 6 Cyl, 3.0L, Cri, L6, Dohc, Turbo, Vgt, Alum, Css50V, Var. 2","Byt 10 Spd, 10L80, Atss, Etrs, Cpa, Gen 2",Crew Cab,Full-Size Trucks,5,16346,Customer States Heated Steering Wheel Inop,"Checked - Found Dtc'S U0229 - U1530 Set In Bcm. Found Pip5883J, Verifi Ed Rpo Options. Tested Per Si - Was Inconclusive.Testedperwiring Sc Hematic - All Circuits Tested Ok. Looks Like Faulty Heated S-W Module. Ordered New Module 9-26-23.1-2, Replacedheated S-W Module.",Module Asm-Strg Whl Ht Cont,Freg,307.32,291.14,307.32,Silverpeak Motors,Grand Rapids,Mn,1,"Customer States Heated Steering Wheel Inop Checked - Found Dtc'S U0229 - U1530 Set In Bcm. Found Pip5883J, Verifi Ed Rpo Options. Tested Per Si - Was Inconclusive.Testedperwiring Sc Hematic - All Circuits Tested Ok. Looks Like Faulty Heated S-W Module. Ordered New Module 9-26-23.1-2, Replacedheated S-W Module.",customer states heated steering wheel inop checked  found dtcs u  u set in bcm found pipj verifi ed rpo options tested per si  was inconclusivetestedperwiring sc hematic  all circuits tested ok looks like faulty heated sw module ordered new module  replacedheated sw module,"['electronics', 'steering_issue', 'heat_issue']"
1Hyksmrk6Sz000990,Unknown,Unknown,4 Door Utility,Bev,9,8887,Owner Reports: The Super Cruise Bar On The Steering Wheel Is Coming Of F. Check And Advise. Advisor Running Pra Tool.,"Approved 4.9(Olh) For Added Diagnostics With Tcsc To Figure Out And Co Mplete Programming While Replacing The Steering Wheel Assembly. Rob W. 1-2-24 3-31Pm Olh For Open Tac Case, Contact Tcsc Case # 9-1156925877 4 Multiple Times And Completed Drive Motor Software Update Programming . Performed System Check As Per Customers Concern, Steering Wheel Coming Apart. Contacted Tac Case#9-11503916151 "" Please Be Aware If A Dea Ler Receives A Replacement Super Cruise Steering Wheel Part Number 850 13816. Onceinstalled They Will Need To Contact Tcsc And Request This Below. Applies To 2023 And 2024. Order And Replaced Steering Wheel, Contacted Tcsc Many Times And Also Get Assistance From Fse Bill M. To Completed Programming. Per Tcsc Programmed Drive Motor Controlmodule 1 Wcc-Fdyz196959052 Programmed, Set Up Wcc-0Syy196956992. After Programming Completed Performed A Drive Cycle And Check Steering Wheel Operation, Operating Normally At This Time. Mileage In 5522, Mileage Out 5532. Char Ge Vehicle Soon!!!",Wheel Asm-Strg *Backen Blackk,Freg,3205.45,1012.67,2457.45,Quantum Car Traders,San Diego,Ca,1,"Owner Reports: The Super Cruise Bar On The Steering Wheel Is Coming Of F. Check And Advise. Advisor Running Pra Tool. Approved 4.9(Olh) For Added Diagnostics With Tcsc To Figure Out And Co Mplete Programming While Replacing The Steering Wheel Assembly. Rob W. 1-2-24 3-31Pm Olh For Open Tac Case, Contact Tcsc Case # 9-1156925877 4 Multiple Times And Completed Drive Motor Software Update Programming . Performed System Check As Per Customers Concern, Steering Wheel Coming Apart. Contacted Tac Case#9-11503916151 "" Please Be Aware If A Dea Ler Receives A Replacement Super Cruise Steering Wheel Part Number 850 13816. Onceinstalled They Will Need To Contact Tcsc And Request This Below. Applies To 2023 And 2024. Order And Replaced Steering Wheel, Contacted Tcsc Many Times And Also Get Assistance From Fse Bill M. To Completed Programming. Per Tcsc Programmed Drive Motor Controlmodule 1 Wcc-Fdyz196959052 Programmed, Set Up Wcc-0Syy196956992. After Programming Completed Performed A Drive Cycle And Check Steering Wheel Operation, Operating Normally At This Time. Mileage In 5522, Mileage Out 5532. Char Ge Vehicle Soon!!!",owner reports the super cruise bar on the steering wheel is coming of f check and advise advisor running pra tool approved olh for added diagnostics with tcsc to figure out and co mplete programming while replacing the steering wheel assembly rob w  pm olh for open tac case contact tcsc case    multiple times and completed drive motor software update programming  performed system check as per customers concern steering wheel coming apart contacted tac case  please be aware if a dea ler receives a replacement super cruise steering wheel part number   onceinstalled they will need to contact tcsc and request this below applies to  and  order and replaced steering wheel contacted tcsc many times and also get assistance from fse bill m to completed programming per tcsc programmed drive motor controlmodule  wccfdyz programmed set up wccsyy after programming completed performed a drive cycle and check steering wheel operation operating normally at this time mileage in  mileage out  char ge vehicle soon,"['electronics', 'steering_issue', 'cruise_control']"
3Hcfdfel3Sh241701,"Gas, 8 Cyl, V8, 6.2L, Di, Dfm, Alum, Gen 5","Byt 10 Spd, 10L80, Grx, Gen 1, Atss, Etrs, Var 1",Crew Cab,Full-Size Trucks,10,15500,Customer States The Lettering And Finish On The Steering Wheel Is Coming Off. Plant: Sil,Steering Wheel Replacement,Wheel Asm-Strg *Jet Black,Freg,445.28,63.18,445.28,Summit Drive Auto,Slinger,Wi,1,Customer States The Lettering And Finish On The Steering Wheel Is Coming Off. Plant: Sil Steering Wheel Replacement,customer states the lettering and finish on the steering wheel is coming off plant sil steering wheel replacement,['steering_issue']
1Hrffhel1Rz181474,"Gas, 8 Cyl, V8, 6.2L, Di, Dfm, Alum, Gen 5","Byt 10 Spd, 10L80, Grx, Gen 1, Atss, Etrs, Var 1",Crew Cab,Full-Size Trucks,0,8,C/S: Customer States The Service Driver Assist System Message Is On. A Dvise,Replaced Steering Message No Longer Displayed,Wheel Asm-Strg *Jet Black,Freg,1439.65,136,1439.65,Horizon Motors,Liberty Lake,Wa,1,C/S: Customer States The Service Driver Assist System Message Is On. A Dvise Replaced Steering Message No Longer Displayed,cs customer states the service driver assist system message is on a dvise replaced steering message no longer displayed,['steering_issue']
3Hrffhed7Rh167541,"Gas, 8 Cyl, 5.3L, V8, Di, Dfm, Alum, Gen 5","Byt 10 Spd, 10L80, Grx, Gen 1, Atss, Etrs, Var 1",Crew Cab,Full-Size Trucks,0,14,Horn And Steering Wheel Switches Are Inoperable,Remove And Replaced Steering Wheel Wire Harness,Harness Asm-Strg Whl Horn Sw Wrg,Freg,216.75,139.84,216.75,Prestige Wheels,Columbus,Ne,1,Horn And Steering Wheel Switches Are Inoperable Remove And Replaced Steering Wheel Wire Harness,horn and steering wheel switches are inoperable remove and replaced steering wheel wire harness,['steering_issue']
1Hrffhel4Rz149960,"Gas, 8 Cyl, V8, 6.2L, Di, Dfm, Alum, Gen 5","Byt 10 Spd, 10L80, Grx, Gen 1, Atss, Etrs, Var 1",Crew Cab,Full-Size Trucks,2,856,Cust. States Drivers Assist Light Comes On Dash -Super Cruise/Lane Departure Works Intermittently-Was Diagnosis. Forasteeringwheelmodule.,"Accessed, Removed And Replaced The Drivers Assistance Systems Module. Accessed The Diagnosis Programmed System Calibration Using The Mdi-2 With A Warranty Claim Programming Code Of Fdyz197418154. Road Test The Vehicle To Verify Repairs. Thesystem Is Now Operating As Designed.",Wheel Asm-Strg *Jet Black,Freg,1488.94,150.03,1488.94,Urbanedge Auto,Bay Shore,Ny,1,"Cust. States Drivers Assist Light Comes On Dash -Super Cruise/Lane Departure Works Intermittently-Was Diagnosis. Forasteeringwheelmodule. Accessed, Removed And Replaced The Drivers Assistance Systems Module. Accessed The Diagnosis Programmed System Calibration Using The Mdi-2 With A Warranty Claim Programming Code Of Fdyz197418154. Road Test The Vehicle To Verify Repairs. Thesystem Is Now Operating As Designed.",cust states drivers assist light comes on dash super cruiselane departure works intermittentlywas diagnosis forasteeringwheelmodule accessed removed and replaced the drivers assistance systems module accessed the diagnosis programmed system calibration using the mdi with a warranty claim programming code of fdyz road test the vehicle to verify repairs thesystem is now operating as designed,"['electronics', 'steering_issue', 'cruise_control']"
3Hcfdfed4Sh352945,"Gas, 8 Cyl, 5.3L, V8, Di, Dfm, Alum, Gen 5","Byt 10 Spd, 10L80, Grx, Gen 1, Atss, Etrs, Var 1",Crew Cab,Full-Size Trucks,3,4065,Special Order Part [ Steering Wheel Heated Steering Wheel Not Working ],Replaced Steering Wheel,Wheel Asm-Strg *Jet Black,Freg,427.08,57.61,427.08,Diamond Auto Traders,Saint Clairsville,Oh,1,Special Order Part [ Steering Wheel Heated Steering Wheel Not Working ] Replaced Steering Wheel,special order part  steering wheel heated steering wheel not working  replaced steering wheel,"['steering_issue', 'heat_issue']"
1Hrf9Ced6Nz221061,"Gas, 8 Cyl, 5.3L, V8, Di, Dfm, Alum, Gen 5","Byt 10 Spd, 10L80, Atss, Cpa, Gen 2",Crew Cab,Full-Size Trucks,21,31611,Customer States Steering Wheel Is Making A Rubbing Noise When Turing The Wheel Left And Right,Technician Found The Steering Column Plastic Trim Was Not Aligned Properly Adjusted Trim And Found The Customer Concern Is Nolonger Present,Wheel Asm-Strg *Jet Black,Freg,27.69,27.69,27.69,Legacy Car Sales,Madison,Oh,1,Customer States Steering Wheel Is Making A Rubbing Noise When Turing The Wheel Left And Right Technician Found The Steering Column Plastic Trim Was Not Aligned Properly Adjusted Trim And Found The Customer Concern Is Nolonger Present,customer states steering wheel is making a rubbing noise when turing the wheel left and right technician found the steering column plastic trim was not aligned properly adjusted trim and found the customer concern is nolonger present,"['steering_issue', 'material_wear']"
1Hrffhel8Rz133325,"Gas, 8 Cyl, V8, 6.2L, Di, Dfm, Alum, Gen 5","Byt 10 Spd, 10L80, Grx, Gen 1, Atss, Etrs, Var 1",Crew Cab,Full-Size Trucks,4,8304,Customer States That They Are Getting A Message On The Dash Saying Driver Assist Message. Check And Advise,Steering Wheel Replacement,Wheel Asm-Strg *Very Dark At,Freg,1147.09,146.06,1147.09,Primedrive Motors,Belleville,Il,1,Customer States That They Are Getting A Message On The Dash Saying Driver Assist Message. Check And Advise Steering Wheel Replacement,customer states that they are getting a message on the dash saying driver assist message check and advise steering wheel replacement,['steering_issue']
1Hcfdhe86Sz274242,"Diesel, 6 Cyl, 3.0L, Cri, L6, Dohc, Turbo, Vgt, Alum, Css50V, Var. 2","Byt 10 Spd, 10L80, Atss, Etrs, Cpa, Gen 2",Crew Cab,Full-Size Trucks,8,6204,C/S: Removed Steering Wheel To Gain Access To Back Side Of Steering Wheel Where Trim Is That Is Protruding And Replaced Trim Andstill Is Pretruding. Issue Is In Steering Wheel Assembly Reference Ro# 82289 -- Gm Authorization# 490759800000,"Gained Access And Removed Old Steering Wheel After Disconnecting Battery Negative. Installed New Steering Wheel, Applied Loctite To Bolt That Retains Steering Wheel. Tightened Bolt. Reinstalled Air Bag, Reinstalled Trim. Reconnected Battery, Checked For Anyprotruding From Steering Wheel Molding, All Ok Now Gm Authorization# 490759800000",Wheel Asm-Strg *Jet Black,Freg,476.16,63.99,476.16,Platinum Wheels,Palmyra,Pa,1,"C/S: Removed Steering Wheel To Gain Access To Back Side Of Steering Wheel Where Trim Is That Is Protruding And Replaced Trim Andstill Is Pretruding. Issue Is In Steering Wheel Assembly Reference Ro# 82289 -- Gm Authorization# 490759800000 Gained Access And Removed Old Steering Wheel After Disconnecting Battery Negative. Installed New Steering Wheel, Applied Loctite To Bolt That Retains Steering Wheel. Tightened Bolt. Reinstalled Air Bag, Reinstalled Trim. Reconnected Battery, Checked For Anyprotruding From Steering Wheel Molding, All Ok Now Gm Authorization# 490759800000",cs removed steering wheel to gain access to back side of steering wheel where trim is that is protruding and replaced trim andstill is pretruding issue is in steering wheel assembly reference ro   gm authorization  gained access and removed old steering wheel after disconnecting battery negative installed new steering wheel applied loctite to bolt that retains steering wheel tightened bolt reinstalled air bag reinstalled trim reconnected battery checked for anyprotruding from steering wheel molding all ok now gm authorization ,"['steering_issue', 'material_wear']"
1Hykndrs3Mz177921,"Gas, 6 Cyl, 3.6L, V6, Di, Dohc, Vvt, Alum, Gen 2","Transmission Byt 9 Spd, 9T65, Etrs Gen 1",4 Door Utility,Global Crossover Vehicles,35,70354,C/S: Customer States There Is A Piece Of The Steering Wheel Sticking Up. Sop Part Is In,Tech Replaced Steering Wheel To Correct Pra 487188600000,Wheel Asm-Strg *Dark Titaniu,Freg,322.13,53.46,322.13,Redline Auto Co.,Cincinnati,Oh,1,C/S: Customer States There Is A Piece Of The Steering Wheel Sticking Up. Sop Part Is In Tech Replaced Steering Wheel To Correct Pra 487188600000,cs customer states there is a piece of the steering wheel sticking up sop part is in tech replaced steering wheel to correct pra ,['steering_issue']
1Hyksmrk4Sz001121,Unknown,Unknown,4 Door Utility,Bev,6,12628,(Install Special Order Part) Customer States The Right Side Steering Wheel Super Cruise Plastic Cover Is Lifting Up And Not Secure.Pra 491752600000,Replaced Steering Wheel Asmy,Wheel Asm-Strg *Backen Blackk,Freg,1414.83,95.5,1414.83,Luxecar Dealership,Ontario,Ca,1,(Install Special Order Part) Customer States The Right Side Steering Wheel Super Cruise Plastic Cover Is Lifting Up And Not Secure.Pra 491752600000 Replaced Steering Wheel Asmy,install special order part customer states the right side steering wheel super cruise plastic cover is lifting up and not securepra  replaced steering wheel asmy,"['steering_issue', 'cruise_control']"
1H6Ds5Rk6S0127345,"Gas, 4 Cyl, L4, 2.0L, Sidi, Dohc, Vvt, Alum, Turb O, Var 3","Byt 10 Spd, 10L60, Gen 1, Atss, Etrs, Var 1",4 Door Sedan,Luxury Car-3,12,19743,Customer States Heated Steering Wheel Isnt Working,Replaced Heated Steering Wheel,Wheel Asm-Strg *Black,Freg,562.5,85.86,562.5,Citystar Motors,Poplar Bluff,Mo,1,Customer States Heated Steering Wheel Isnt Working Replaced Heated Steering Wheel,customer states heated steering wheel isnt working replaced heated steering wheel,"['steering_issue', 'heat_issue']"
1Hc4Ysey3Rf110164,"Diesel, 8 Cyl, 6.6L, Di, V8, Turbo, Duramax, Gen 5 Var. 1","Byt 10 Spd, 10R1000, Grx, Gen 1, Var 1",Crew Cab,Full-Size Trucks,9,17675,Customer States Steering Wheel Conrol Passenger Side Rear On The Steer Ing Wheel Is Loose Sop Part,Checked And Verified Customer Concern And Found Trim Piece Loose Remov Ed Replaced Trim Piece On The Back Of The Passenger Side Ofsteering W Heel Complete,Cover-Strg Whl Airbag Acc Hole *Jet Black,Freg,63.1,61.27,63.1,Velocity Vehicle Sales,Cortland,Oh,1,Customer States Steering Wheel Conrol Passenger Side Rear On The Steer Ing Wheel Is Loose Sop Part Checked And Verified Customer Concern And Found Trim Piece Loose Remov Ed Replaced Trim Piece On The Back Of The Passenger Side Ofsteering W Heel Complete,customer states steering wheel conrol passenger side rear on the steer ing wheel is loose sop part checked and verified customer concern and found trim piece loose remov ed replaced trim piece on the back of the passenger side ofsteering w heel complete,"['steering_issue', 'material_wear']"
1Hks1Jkl0Sr282668,"Gas, 8 Cyl, V8, 6.2L, Di, Dfm, Alum, Gen 5","Byt 10 Spd, 10L80, Grx, Gen 1, Atss, Etrs, Var 1",4 Door Utility,Full-Size Utility,10,21295,Customer States Ck Horn On The Steering Wheel Only Works In The Middle On The Side It Does No Work,"Verified Customer Concern About A Horn Inop. I Followed Document 4374183 To Diagnose This Concern. I Monitored Scan Tool Data Forthe Horn Activation While Pressing The Horn And It Was Changing Intermittently. I Then Tested Circuits 3287 At The Steering Wheelfor A Short And All Was Ok, I Then Tested Circuit 6051 And Ground Circuit Had No High Resistance. I Then Tested Terminal Tension Onthe Steering Wheel Harness And Found Loose Tension On The Horn Connection And Required A Harness Replacement I Then Replaced Thesteering Wheel Harness. After Repairs, The Vehicle Is Now Honking As Designed",Harness Asm-Strg Whl Horn Sw Wrg,Freg,275.55,202.67,275.55,Crestwood Auto,Rio Grande City,Tx,1,"Customer States Ck Horn On The Steering Wheel Only Works In The Middle On The Side It Does No Work Verified Customer Concern About A Horn Inop. I Followed Document 4374183 To Diagnose This Concern. I Monitored Scan Tool Data Forthe Horn Activation While Pressing The Horn And It Was Changing Intermittently. I Then Tested Circuits 3287 At The Steering Wheelfor A Short And All Was Ok, I Then Tested Circuit 6051 And Ground Circuit Had No High Resistance. I Then Tested Terminal Tension Onthe Steering Wheel Harness And Found Loose Tension On The Horn Connection And Required A Harness Replacement I Then Replaced Thesteering Wheel Harness. After Repairs, The Vehicle Is Now Honking As Designed",customer states ck horn on the steering wheel only works in the middle on the side it does no work verified customer concern about a horn inop i followed document  to diagnose this concern i monitored scan tool data forthe horn activation while pressing the horn and it was changing intermittently i then tested circuits  at the steering wheelfor a short and all was ok i then tested circuit  and ground circuit had no high resistance i then tested terminal tension onthe steering wheel harness and found loose tension on the horn connection and required a harness replacement i then replaced thesteering wheel harness after repairs the vehicle is now honking as designed,['steering_issue']
1Hc4Y9Ey2Mf192148,"Diesel, 8 Cyl, 6.6L, Di, V8, Turbo, Duramax, Gen 5 Var. 1","Byt 10 Spd, 10R1000, Grx, Gen 1, Var 1",Crew Cab,Full-Size Trucks,33,107905,Missing,Steering Wheel Replacement,Wheel Asm-Strg *Jet Black,Freg_Pol,221.83,28,221.83,Goldenroad Motors,Kiryat Gat,Unknown,4,Missing Steering Wheel Replacement,missing steering wheel replacement,['steering_issue']
1H1Fz6S00N4109597,Unknown,"Byt, Electric, Gm, Gem, Gen 2, Drive Unit, X68F",4 Door Sedan,Global Gamma,17,42079,"Heated Steering Wheel Inop. When You Hit The Button On It Turns Off Immediately. When Remote Starting It, It Will Turn Light On Butnever Heat Up. - Ro 6124563 - Ro 6126117 - Dave - Pra #495554400000","Replaced Steering Wheel Check Ok 1699-,0130",Wheel Asm-Strg *Jet Black,Freg,457.47,62.02,411.47,Truedrive Auto,Clarkston,Mi,1,"Heated Steering Wheel Inop. When You Hit The Button On It Turns Off Immediately. When Remote Starting It, It Will Turn Light On Butnever Heat Up. - Ro 6124563 - Ro 6126117 - Dave - Pra #495554400000 Replaced Steering Wheel Check Ok 1699-,0130",heated steering wheel inop when you hit the button on it turns off immediately when remote starting it it will turn light on butnever heat up  ro   ro   dave  pra  replaced steering wheel check ok ,"['steering_issue', 'heat_issue']"
1Hnevkkw6Sj216435,"Gas, 6 Cyl, V6, 3.6L, Sidi, Dohc, Atss, Gen 1+","Byt 9 Spd, 9T65, Gen 1",4 Door Utility,Crossover Suv,10,17774,Steering Wheel Fraying Parts Are In,Installed Special Ordered Steering Wheel Due To Threads Fraying On Whe El 0130 .4 629,Wheel Asm-Strg * Jet Black,Freg,395.44,50.27,395.44,Titan Motors Group,Saginaw,Mi,1,Steering Wheel Fraying Parts Are In Installed Special Ordered Steering Wheel Due To Threads Fraying On Whe El 0130 .4 629,steering wheel fraying parts are in installed special ordered steering wheel due to threads fraying on whe el   ,['steering_issue']
1Hr49Wey2Nf322460,"Diesel, 8 Cyl, 6.6L, Di, V8, Turbo, Duramax, Gen 5 Var. 1","Byt 10 Spd, 10R1000, Grx, Gen 1, Var 1",Crew Cab,Full-Size Trucks,20,34161,Added Operation Horn Doesnt Work Hasnt Worked Since Brand New Tech Cause Horn Connector Not Fully Seated On Harn Assembly Anddisconnected Tech Comments Reconnected Horn Checked Operation Ok,"Reconnected Horn Checked Operation, Ok.",Wheel Asm-Strg *Jet Black,Freg,31.6,31.6,30.09,Bluesky Auto Sales,Edmonton,Ab,1,"Added Operation Horn Doesnt Work Hasnt Worked Since Brand New Tech Cause Horn Connector Not Fully Seated On Harn Assembly Anddisconnected Tech Comments Reconnected Horn Checked Operation Ok Reconnected Horn Checked Operation, Ok.",added operation horn doesnt work hasnt worked since brand new tech cause horn connector not fully seated on harn assembly anddisconnected tech comments reconnected horn checked operation ok reconnected horn checked operation ok,[]
3Hrffcer3Nh528824,"Diesel, 6 Cyl, 3.0L, Cri, L6, Dohc, Turbo, Vgt, Al Um, Css50V","Byt 10 Spd, 10L80, Atss, Etrs, Cpa, Gen 2",Crew Cab,Full-Size Trucks,22,34260,Customer States Stitching On Steering Wheel Is Coming Undone On The Ri Ght Side,"Pra Approved, Pra #495794600000 Found The Steering Wheel To Be Coming Apart. Replaced The Steering Wheel. Verified Repair.",Wheel Asm-Strg *Black,Freg,621.34,107.28,621.34,Metromax Motors,Dallas,Tx,1,"Customer States Stitching On Steering Wheel Is Coming Undone On The Ri Ght Side Pra Approved, Pra #495794600000 Found The Steering Wheel To Be Coming Apart. Replaced The Steering Wheel. Verified Repair.",customer states stitching on steering wheel is coming undone on the ri ght side pra approved pra  found the steering wheel to be coming apart replaced the steering wheel verified repair,['steering_issue']
1Hykndr46Nz151056,"Gas, 4 Cyl, L4, 2.0L, Sidi, Dohc, Vvt, Alum, Turb O, Var 3","Byt 9 Spd, 9T60, Etrs Gen 1",4 Door Utility,Global Crossover Vehicles,21,24129,Customer States Chrome Trim On Steering Wheel Is Cracked,Replaced Steering Wheel Trim Ring,Cover-Strg Whl Spoke *Linear Galaxd,Freg,386.62,51.75,386.62,Crystal Drive Auto,Indiana,Pa,1,Customer States Chrome Trim On Steering Wheel Is Cracked Replaced Steering Wheel Trim Ring,customer states chrome trim on steering wheel is cracked replaced steering wheel trim ring,"['steering_issue', 'material_wear']"
1Hnevnkw4Sj144359,"Gas, 6 Cyl, V6, 3.6L, Sidi, Dohc, Atss, Gen 1+","Byt 9 Spd, 9T65, Gen 1",4 Door Utility,Crossover Suv,15,35914,Customer States The Leather On Steering Wheel Is Coming Apart - Sophere,Leather Pulling Away From Wheel 0130 0.40 Replacedsteering Wheel Pre Auth 488737400000,Wheel Asm-Strg * Jet Black,Freg,436.5,56.87,436.5,Elitestreet Motors,Weatherford,Tx,1,Customer States The Leather On Steering Wheel Is Coming Apart - Sophere Leather Pulling Away From Wheel 0130 0.40 Replacedsteering Wheel Pre Auth 488737400000,customer states the leather on steering wheel is coming apart  sophere leather pulling away from wheel   replacedsteering wheel pre auth ,"['steering_issue', 'material_wear']"
3Hrs9Eed0Lh255650,"Gas, 8 Cyl, 5.3L, V8, Di, Dfm, Alum, Gen 5","Byt 10 Spd, 10L80, Atss, Cpa, Gen 2",Crew Cab,Full-Size Trucks,47,59192,Customer States The Steering Wheel Bezel Is Peeling.,"Steering Wheel Spoke Cover, Per Goodwill Assistance, Customer Has A Deductible Of $86.45",Applique Asm-Strg Whl Tr Spoke Cvr *Vulcan,Freg_Pol,214.4,78,214.4,Libertyride Auto,Valdosta,Ga,1,"Customer States The Steering Wheel Bezel Is Peeling. Steering Wheel Spoke Cover, Per Goodwill Assistance, Customer Has A Deductible Of $86.45",customer states the steering wheel bezel is peeling steering wheel spoke cover per goodwill assistance customer has a deductible of ,"['steering_issue', 'material_wear']"
1Hks2Jkr2Nr336997,"Diesel, 6 Cyl, 3.0L, Cri, L6, Dohc, Turbo, Vgt, Al Um, Css50V","Byt 10 Spd, 10L80, Atss, Etrs, Cpa, Gen 2",4 Door Utility,Full-Size Utility,18,32616,Customer States Steering Wheels Stitching Coming Apart,Replaced Steering Wheel No Further Action Required.,Wheel Asm-Strg *Very Dark At,Freg,454.63,73.62,454.63,Highlander Car Sales,Homestead,Fl,1,Customer States Steering Wheels Stitching Coming Apart Replaced Steering Wheel No Further Action Required.,customer states steering wheels stitching coming apart replaced steering wheel no further action required,['steering_issue']
1Hcfdeed3Sz308171,"Gas, 8 Cyl, 5.3L, V8, Di, Dfm, Alum, Gen 5","Byt 10 Spd, 10L80, Grx, Gen 1, Atss, Etrs, Var 1",Crew Cab,Full-Size Trucks,4,8678,Wrap On The Steeering Wheel Is Peeling ***Need Pra Done By Management****,Replaced Steering Wheel,Wheel Asm-Strg *Jet Black,Freg,456.98,69.06,456.98,Horizonview Auto,Grand Forks,Nd,1,Wrap On The Steeering Wheel Is Peeling ***Need Pra Done By Management**** Replaced Steering Wheel,wrap on the steeering wheel is peeling need pra done by management replaced steering wheel,"['steering_issue', 'material_wear']"
1Hyknhrs1Lz157005,"Gas, 6 Cyl, 3.6L, V6, Di, Dohc, Vvt, Alum, Gen 2","Transmission Byt 9 Spd, 9T65, Etrs Gen 1",4 Door Utility,Global Crossover Vehicles,50,56575,C/S Carbon Fiber Applique On Steering Wheel Is Peeling Off. Sop In,Replaced Steering Wheel Switch Trim (Sop Part Before Warranty Expiratio N),Cover-Strg Whl Spoke *Hi Gloss V-C,Freg_Pol,695.8,57.26,695.8,Rapidroad Motors,Pinellas Park,Fl,1,C/S Carbon Fiber Applique On Steering Wheel Is Peeling Off. Sop In Replaced Steering Wheel Switch Trim (Sop Part Before Warranty Expiratio N),cs carbon fiber applique on steering wheel is peeling off sop in replaced steering wheel switch trim sop part before warranty expiratio n,"['steering_issue', 'material_wear']"
1Hrffhel8Rz133325,"Gas, 8 Cyl, 5.3L, V8, Di, Dfm, Alum, Gen 5","Byt 10 Spd, 10L80, Grx, Gen 1, Atss, Etrs, Var 1",Crew Cab,Full-Size Trucks,1,583,Cust Sts The Heated Steering Wheel Will Turn On At Times And The Turn Off On Its Own And Not Work. Most Of The Timethewheelwillnotturn On And Work,"Tech Was Able To Verify Customers Concern Of Heated Steering Wheel Inop. Tech Checked Connection To The Steering Wheel And Found Heating Steering Wheel Has Internal Malfunction At Harness(Broken), Ordered/Installed New Steering Wheel, Oad",Wheel Asm-Strg *Jet Black,Freg,1006.1,165.58,592.1,Silverstone Auto,Westville,Nj,1,"Cust Sts The Heated Steering Wheel Will Turn On At Times And The Turn Off On Its Own And Not Work. Most Of The Timethewheelwillnotturn On And Work Tech Was Able To Verify Customers Concern Of Heated Steering Wheel Inop. Tech Checked Connection To The Steering Wheel And Found Heating Steering Wheel Has Internal Malfunction At Harness(Broken), Ordered/Installed New Steering Wheel, Oad",cust sts the heated steering wheel will turn on at times and the turn off on its own and not work most of the timethewheelwillnotturn on and work tech was able to verify customers concern of heated steering wheel inop tech checked connection to the steering wheel and found heating steering wheel has internal malfunction at harnessbroken orderedinstalled new steering wheel oad,"['steering_issue', 'heat_issue']"
1Hcfyeed6Nz182017,"Gas, 8 Cyl, 5.3L, V8, Di, Dfm, Alum, Gen 5","Byt 8 Spd, 8L90, Atss, Cpa, Gen 1",Crew Cab,Full-Size Trucks,23,24983,Trim Or Moulding Diagnosis Trim Or Moulding Diagnosis - C/S: Customer Request Ed To Install Correct Steering Wheel Per Sop - Prevro 6012971,0130 Labor 0.4 -Removed And Replaced Steering Wheel With Correct Unit. Verified Operation.,Wheel Asm-Strg *Jet Black,Freg,299.77,91.4,299.77,Crowncar Dealership,Castle Rock,Co,1,Trim Or Moulding Diagnosis Trim Or Moulding Diagnosis - C/S: Customer Request Ed To Install Correct Steering Wheel Per Sop - Prevro 6012971 0130 Labor 0.4 -Removed And Replaced Steering Wheel With Correct Unit. Verified Operation.,trim or moulding diagnosis trim or moulding diagnosis  cs customer request ed to install correct steering wheel per sop  prevro   labor  removed and replaced steering wheel with correct unit verified operation,"['steering_issue', 'material_wear']"
1Hcfdeed5Sz117691,"Gas, 8 Cyl, 5.3L, V8, Di, Dfm, Alum, Gen 5","Byt 10 Spd, 10L80, Grx, Gen 1, Atss, Etrs, Var 1",Crew Cab,Full-Size Trucks,12,24925,Install Sop. Customer States Stitching On Steering Wheel Is Coming Apart,"Per Last Repair Order, Replaced Steering Wheel. Pra#493156300000",Wheel Asm-Strg *Jet Black,Freg,432.68,113.09,432.68,Northstar Wheels,Bolingbrook,Il,1,"Install Sop. Customer States Stitching On Steering Wheel Is Coming Apart Per Last Repair Order, Replaced Steering Wheel. Pra#493156300000",install sop customer states stitching on steering wheel is coming apart per last repair order replaced steering wheel pra,['steering_issue']
3Hnkbhrs8Ss220860,"Gas, 6 Cyl, 3.6L, V6, Di, Dohc, Vvt, Alum, Gen 2","Byt 9 Spd, 9T65, Gen 1",4 Door Utility,Crossover Suv,7,12782,-C/C Back Of The Steering Wheel Has A Bump That Catches The Hand Whene Ver You Steer The Wheel - Parts In Sor M19630,Tech Duplicated C-C. Found There To Be A Defect In The Leather Wrap On The Top Of The Steering Wheel. Recommend Replacing Steering Wheel To Fix Concern. Tech Replaced Steering Wheel.,Wheel Asm-Strg *Jet Black,Freg,249.69,61.57,249.69,Urbanpeak Auto,Summerside,Pe,1,-C/C Back Of The Steering Wheel Has A Bump That Catches The Hand Whene Ver You Steer The Wheel - Parts In Sor M19630 Tech Duplicated C-C. Found There To Be A Defect In The Leather Wrap On The Top Of The Steering Wheel. Recommend Replacing Steering Wheel To Fix Concern. Tech Replaced Steering Wheel.,cc back of the steering wheel has a bump that catches the hand whene ver you steer the wheel  parts in sor m tech duplicated cc found there to be a defect in the leather wrap on the top of the steering wheel recommend replacing steering wheel to fix concern tech replaced steering wheel,"['steering_issue', 'material_wear']"
1Hr49Se7Xrf103023,"Gas, 8 Cyl, 6.6L, Sidi, Vvt, Cast Iron","Byt 10 Spd, Rwd 4.54 1St, 2.86 2Nd, 2.06 3Rd, 1.7 1 4Th, 1.48 5Th, 1.26 6Th, 1.00 7Th, 10L",Crew Cab,Full-Size Trucks,10,29910,Cust States Steering Wheel Materuial Delamination At Bottom,"Inspected Steering Wheel, Found Leather Peeling At Bottom Ofsteering Wheel Due To Failed Adhesive, Replaced Steering Wheel",Wheel Asm-Strg *Jet Black,Freg,487.54,71.41,487.54,Redwood Car Traders,Bridgeton,Nj,1,"Cust States Steering Wheel Materuial Delamination At Bottom Inspected Steering Wheel, Found Leather Peeling At Bottom Ofsteering Wheel Due To Failed Adhesive, Replaced Steering Wheel",cust states steering wheel materuial delamination at bottom inspected steering wheel found leather peeling at bottom ofsteering wheel due to failed adhesive replaced steering wheel,"['steering_issue', 'material_wear']"
3Hrffee82Rh175165,"Diesel, 6 Cyl, 3.0L, Cri, L6, Dohc, Turbo, Vgt, Alum, Css50V, Var. 2","Byt 10 Spd, 10L80, Atss, Etrs, Cpa, Gen 2",Crew Cab,Full-Size Trucks,2,1996,"Customer States Steering Wheel Does Not Heat, Button Pushed And Turns Off Immediately, Parts Ordered.",Replaced Steering Wheel Assembly Check Operation Ok Pra # 496439500000,Wheel Asm-Strg *Jet Black,Freg,511.39,72.57,511.39,Metrodrive Auto Sales,Mankato,Mn,1,"Customer States Steering Wheel Does Not Heat, Button Pushed And Turns Off Immediately, Parts Ordered. Replaced Steering Wheel Assembly Check Operation Ok Pra # 496439500000",customer states steering wheel does not heat button pushed and turns off immediately parts ordered replaced steering wheel assembly check operation ok pra  ,"['steering_issue', 'heat_issue']"
3Hcnd9Ed5Sh144160,"Gas, 8 Cyl, 5.3L, V8, Di, Dfm, Alum, Gen 5","Byt 10 Spd, 10L80, Grx, Gen 1, Atss, Etrs, Var 1",Single Cab,Full-Size Trucks,4,4421,Steering Wheel Strings Loose .,Replaced Steering Wheel.,Wheel Asm-Strg *Very Dark At,Freg,297.03,20,297.03,Blueridge Motors,Kuwait City,Unknown,4,Steering Wheel Strings Loose . Replaced Steering Wheel.,steering wheel strings loose  replaced steering wheel,['steering_issue']
1Hykssrl1Rz101481,Unknown,Unknown,4 Door Utility,Bev,7,7199,Customer States The Steering Wheel Is Bubbling On Inside Lef T Side,Removed And Replaced Steering Wheel,Wheel Asm-Strg *Backen Blackk,Freg,737.49,84.22,737.49,Swiftroad Car Sales,Bay Shore,Ny,1,Customer States The Steering Wheel Is Bubbling On Inside Lef T Side Removed And Replaced Steering Wheel,customer states the steering wheel is bubbling on inside lef t side removed and replaced steering wheel,['steering_issue']
1Hr49Rey4Sf251024,"Diesel, 8 Cyl, 6.6L, Di, V8, Turbo, Duramax, Gen 5 Var. 1","Byt 10 Spd, 10R1000, Grx, Gen 1, Var 1",Crew Cab,Full-Size Trucks,10,22629,C/S: Cust States Leater At The Bottom Of The Steering Wheele Is Coming Apart Please See History For Approved Pra Onpreviousropra#495602900000,Inspected And Confirmed Steering Wheel Leather Coming Apart. Submitted Pra And Was Approved. Necessary To Remove And Replaced Steering Wheel Pra# 495602900000,Wheel Asm-Strg *Jet Black,Freg,521.02,90.02,521.02,Vanguard Auto Group,Saint Augustine,Fl,1,C/S: Cust States Leater At The Bottom Of The Steering Wheele Is Coming Apart Please See History For Approved Pra Onpreviousropra#495602900000 Inspected And Confirmed Steering Wheel Leather Coming Apart. Submitted Pra And Was Approved. Necessary To Remove And Replaced Steering Wheel Pra# 495602900000,cs cust states leater at the bottom of the steering wheele is coming apart please see history for approved pra onpreviousropra inspected and confirmed steering wheel leather coming apart submitted pra and was approved necessary to remove and replaced steering wheel pra ,"['steering_issue', 'material_wear']"
3Hcfdfed5Sh364828,"Gas, 8 Cyl, 5.3L, V8, Di, Dfm, Alum, Gen 5","Byt 10 Spd, 10L80, Grx, Gen 1, Atss, Etrs, Var 1",Crew Cab,Full-Size Trucks,1,697,Customer States Steering Heating Button Turns Off After 1 Minute And Cannot Be Turn Back On - Check And Advise,Removed And Replaced Heated Steering Wheel Module. Clear Codes Recheck Ok. Heated Steering Wheel Now Operating As Designed.2400---------.6 Diagnosis------------1.0,Wheel Asm-Strg *Jet Black,Freg,468.16,330.16,330.16,Ironclad Wheels,Ventura,Ca,1,Customer States Steering Heating Button Turns Off After 1 Minute And Cannot Be Turn Back On - Check And Advise Removed And Replaced Heated Steering Wheel Module. Clear Codes Recheck Ok. Heated Steering Wheel Now Operating As Designed.2400---------.6 Diagnosis------------1.0,customer states steering heating button turns off after  minute and cannot be turn back on  check and advise removed and replaced heated steering wheel module clear codes recheck ok heated steering wheel now operating as designed diagnosis,"['electronics', 'steering_issue', 'heat_issue']"
2Hc4Ysey1S1701193,"Diesel, 8 Cyl, 6.6L, Di, V8, Turbo, Duramax, Gen 5 Var. 1","Byt 10 Spd, 10R1000, Grx, Gen 1, Var 1",Crew Cab,Full-Size Trucks,12,26487,Customer States Heated Steering Wheel Inop Sop Here,Replaced Heated Steering Wheel Module. Verified Proper Operation,Module Asm-Strg Whl Ht Cont,Freg,227.2,131.06,227.2,Legacyauto Traders,Cottondale,Al,1,Customer States Heated Steering Wheel Inop Sop Here Replaced Heated Steering Wheel Module. Verified Proper Operation,customer states heated steering wheel inop sop here replaced heated steering wheel module verified proper operation,"['electronics', 'steering_issue', 'heat_issue']"
1Hks2Jkl9Mr285352,"Gas, 8 Cyl, V8, 6.2L, Di, Dfm, Alum, Gen 5","Byt 10 Spd, 10R80, Atss, Etrs, Cpa, Gen 2",4 Door Utility,Full-Size Utility,35,28635,Customer States That The Steering Wheel Cover Is Coming Apart.,Wheel Coming Apart At Stitching. Replaced Steering Wheel 0130 0.4 Pr A Attach #483410100000,Wheel Asm-Strg *Jet Black,Freg,519.97,86.57,519.97,Crystalpeak Motors,Signal Hill,Ca,1,Customer States That The Steering Wheel Cover Is Coming Apart. Wheel Coming Apart At Stitching. Replaced Steering Wheel 0130 0.4 Pr A Attach #483410100000,customer states that the steering wheel cover is coming apart wheel coming apart at stitching replaced steering wheel   pr a attach ,['steering_issue']
1Hnskrkd0Rr120386,"Gas, 8 Cyl, 5.3L, V8, Di, Dfm, Alum, Gen 5","Byt 10 Spd, 10L80, Grx, Gen 1, Atss, Etrs, Var 1",4 Door Utility,Full-Size Utility,0,3,Steering Wheel Damaged In Transit - Tear/Rip On Right Hand Side Above Hand Controls For Dic - Reference Pdi Ro Where Damage Wascaught Ro Is 567382,"Accessed, Removed And Replaced The Steering Wheel With All Other Related New Seals Gaskets And/Or Non-Reusable Hardware Andreinstalled All Components Removed For Repairs In The Reverse Order Of Removal. The System Is Now Operating As Designed.,0130",Wheel Asm-Strg *Jet Black,Freg,411.41,62.06,411.41,Redrock Auto Co.,Saint Cloud,Mn,1,"Steering Wheel Damaged In Transit - Tear/Rip On Right Hand Side Above Hand Controls For Dic - Reference Pdi Ro Where Damage Wascaught Ro Is 567382 Accessed, Removed And Replaced The Steering Wheel With All Other Related New Seals Gaskets And/Or Non-Reusable Hardware Andreinstalled All Components Removed For Repairs In The Reverse Order Of Removal. The System Is Now Operating As Designed.,0130",steering wheel damaged in transit  tearrip on right hand side above hand controls for dic  reference pdi ro where damage wascaught ro is  accessed removed and replaced the steering wheel with all other related new seals gaskets andor nonreusable hardware andreinstalled all components removed for repairs in the reverse order of removal the system is now operating as designed,['steering_issue']
1Hcfdeer5Nz580922,"Diesel, 6 Cyl, 3.0L, Cri, L6, Dohc, Turbo, Vgt, Al Um, Css50V","Byt 10 Spd, 10L80, Atss, Etrs, Cpa, Gen 2",Crew Cab,Full-Size Trucks,10,35617,Heated Steering Wheel Inop,Tech 573 Replaced Heated Steering Wheel Module,Module Asm-Strg Whl Ht Cont,Freg,284.04,206.58,270.52,Prestigecar Sales,Cranbrook,Bc,1,Heated Steering Wheel Inop Tech 573 Replaced Heated Steering Wheel Module,heated steering wheel inop tech  replaced heated steering wheel module,"['electronics', 'steering_issue', 'heat_issue']"
1Hrs9Eed3Mz313803,"Gas, 8 Cyl, 5.3L, V8, Di, Dfm, Alum, Gen 5","Byt 10 Spd, 10L80, Atss, Cpa, Gen 2",Crew Cab,Full-Size Trucks,32,45624,Inspect And Advise........Heated Steering Wheel Is Non-Opp.,Tested And Verified Heated Steering Wheel Inop. Light Turns On But Whe El Will Not Get Warm. Checked For Codes- No Codes. Checkedfor Bulleti Ns - None Related. Tested As Per Si Diagnosis - Internal Heating Eleme Nt Has Failed. Will Need To Replaced Steering Wheel. Submitted Pra And Got Approval For Wheel Replacement. Replaced Steering Wheel And Tested - All Ok. Pra Auth Code-496425100000 Loc 0130 (Base+Diagnosis),Wheel Asm-Strg *Black,Freg,445.12,74.2,423.92,Titandrive Motors,Abbotsford,Bc,1,Inspect And Advise........Heated Steering Wheel Is Non-Opp. Tested And Verified Heated Steering Wheel Inop. Light Turns On But Whe El Will Not Get Warm. Checked For Codes- No Codes. Checkedfor Bulleti Ns - None Related. Tested As Per Si Diagnosis - Internal Heating Eleme Nt Has Failed. Will Need To Replaced Steering Wheel. Submitted Pra And Got Approval For Wheel Replacement. Replaced Steering Wheel And Tested - All Ok. Pra Auth Code-496425100000 Loc 0130 (Base+Diagnosis),inspect and adviseheated steering wheel is nonopp tested and verified heated steering wheel inop light turns on but whe el will not get warm checked for codes no codes checkedfor bulleti ns  none related tested as per si diagnosis  internal heating eleme nt has failed will need to replaced steering wheel submitted pra and got approval for wheel replacement replaced steering wheel and tested  all ok pra auth code loc  basediagnosis,"['electronics', 'steering_issue', 'heat_issue']"
2Hcfdeed4R1147650,"Gas, 8 Cyl, 5.3L, V8, Di, Dfm, Alum, Gen 5","Byt 10 Spd, 10L80, Grx, Gen 1, Atss, Etrs, Var 1",Crew Cab,Full-Size Trucks,3,4566,"Customer States The Steering Wheel Is Peeling, Reference Previous Repair Order 6140479, Manager Submitted For Preauthorization And Received Approval Code 493245700000","Removed Air Bag, Replaced Steering Wheel, Reinstalled Airbag. No Further Action Required",Wheel Asm-Strg *Very Dark At,Freg,500.38,74.99,500.38,Dreamcar Auto Sales,Stillwater,Ok,1,"Customer States The Steering Wheel Is Peeling, Reference Previous Repair Order 6140479, Manager Submitted For Preauthorization And Received Approval Code 493245700000 Removed Air Bag, Replaced Steering Wheel, Reinstalled Airbag. No Further Action Required",customer states the steering wheel is peeling reference previous repair order  manager submitted for preauthorization and received approval code  removed air bag replaced steering wheel reinstalled airbag no further action required,"['electronics', 'steering_issue', 'material_wear']"
1Hr49Xey0Rf190021,"Diesel, 8 Cyl, 6.6L, Di, V8, Turbo, Duramax, Gen 5 Var. 1","Byt 10 Spd, 10R1000, Grx, Gen 1, Var 1",Crew Cab,Full-Size Trucks,5,10261,Steering Wheel Trim As Per Last Repair Order,Necessary To Replaced Steering Wheel Spoke Cover And Retest. Ok,Applique Asm-Strg Whl Tr Spoke Cvr *Jet Black,Freg,403.63,86.79,315.63,Summitstar Motors,Lake Charles,La,1,Steering Wheel Trim As Per Last Repair Order Necessary To Replaced Steering Wheel Spoke Cover And Retest. Ok,steering wheel trim as per last repair order necessary to replaced steering wheel spoke cover and retest ok,"['steering_issue', 'material_wear']"
1Hr19Sey5Rf265525,"Diesel, 8 Cyl, 6.6L, Di, V8, Turbo, Duramax, Gen 5 Var. 1","Byt 10 Spd, 10R1000, Grx, Gen 1, Var 1",Crew Cab,Full-Size Trucks,1,9021,"Check And Report Steering Wheel Only Stays Luke Warm, And Doesnt Work After 5 Min Or So-It Won'T Turn On","Diagnosis Of Open Circuit Inside Wheel. Replaced Steering Wheel ( 0130 .3+ .4= .7 Hrs ),Steering Wheel Replacement Gm Preauth# 498654000000",Wheel Asm-Strg *Jet Black,Freg,457.98,83.26,405.29,Velocityedge Auto,Mississauga,On,1,"Check And Report Steering Wheel Only Stays Luke Warm, And Doesnt Work After 5 Min Or So-It Won'T Turn On Diagnosis Of Open Circuit Inside Wheel. Replaced Steering Wheel ( 0130 .3+ .4= .7 Hrs ),Steering Wheel Replacement Gm Preauth# 498654000000",check and report steering wheel only stays luke warm and doesnt work after  min or soit wont turn on diagnosis of open circuit inside wheel replaced steering wheel      hrs steering wheel replacement gm preauth ,"['steering_issue', 'heat_issue']"
1Hcfyeel0Nz210174,"Gas, 8 Cyl, V8, 6.2L, Di, Dfm, Alum, Gen 5","Byt 10 Spd, 10L80, Atss, Cpa, Gen 2",Crew Cab,Full-Size Trucks,23,35452,Steering Wheel Leather Is Loose On Bottom,Remove And Replaced Steering Wheel Due To Leather Defect.,Wheel Asm-Strg *Jet Black,Freg,787.93,66.47,259.93,Truepeak Motors,Grand Rapids,Mi,1,Steering Wheel Leather Is Loose On Bottom Remove And Replaced Steering Wheel Due To Leather Defect.,steering wheel leather is loose on bottom remove and replaced steering wheel due to leather defect,"['steering_issue', 'material_wear']"
1Hcfdeed0Nz543303,"Gas, 8 Cyl, 5.3L, V8, Di, Dfm, Alum, Gen 5","Byt 10 Spd, 10L80, Grx, Gen 1, Atss, Etrs, Var 1",Crew Cab,Full-Size Trucks,15,35201,C/S: Client States Steering Wheel Pulling Apart Install Sopsteering Wheel Pre Auth In History,Removed And Replaced Steering Wheel Assembly.,Wheel Asm-Strg *Jet Black,Freg,514,77.1,514,Sterling Auto Traders,New Castle,De,1,C/S: Client States Steering Wheel Pulling Apart Install Sopsteering Wheel Pre Auth In History Removed And Replaced Steering Wheel Assembly.,cs client states steering wheel pulling apart install sopsteering wheel pre auth in history removed and replaced steering wheel assembly,['steering_issue']
1Hcryded2Nz208869,"Gas, 8 Cyl, 5.3L, V8, Di, Dfm, Alum, Gen 5","Byt 8 Spd, 8L90, Atss, Cpa, Gen 1",Extended Cab,Full-Size Trucks,23,26802,"Customer Reports After Heated Steering Wheel Retrofit, Steering Wheel Is Off Centre Now. Check And Advise / /",Test Drove And Confirmed Customer Complaint Brought In Scanned And Che Cked Bulletins Require More Time To Remove Air Bag Andlookat Steering Wheel Auth C. J. 1327 Jan 23 2023 St Approx 1.0 Disabled Srs System Removed Air Bag And Steering Wheel Foundsteeringwheel Is Off Center Repaired Splines In Order To Get Steering Wheel Lined Up Lined Steering Wheel Up With Where Steering Wheel Iskeyed Put Back On Torqued To S Pecification Put Air Bag Back Test Drove And Confirmed Steering Wheel Is Now Strait Not Asstraiton Some Roads Depending On Road Crown,Wheel Asm-Strg *Jet Black,Freg,127.98,127.98,121.88,Novacar Sales,Kelowna,Bc,1,"Customer Reports After Heated Steering Wheel Retrofit, Steering Wheel Is Off Centre Now. Check And Advise / / Test Drove And Confirmed Customer Complaint Brought In Scanned And Che Cked Bulletins Require More Time To Remove Air Bag Andlookat Steering Wheel Auth C. J. 1327 Jan 23 2023 St Approx 1.0 Disabled Srs System Removed Air Bag And Steering Wheel Foundsteeringwheel Is Off Center Repaired Splines In Order To Get Steering Wheel Lined Up Lined Steering Wheel Up With Where Steering Wheel Iskeyed Put Back On Torqued To S Pecification Put Air Bag Back Test Drove And Confirmed Steering Wheel Is Now Strait Not Asstraiton Some Roads Depending On Road Crown",customer reports after heated steering wheel retrofit steering wheel is off centre now check and advise   test drove and confirmed customer complaint brought in scanned and che cked bulletins require more time to remove air bag andlookat steering wheel auth c j  jan   st approx  disabled srs system removed air bag and steering wheel foundsteeringwheel is off center repaired splines in order to get steering wheel lined up lined steering wheel up with where steering wheel iskeyed put back on torqued to s pecification put air bag back test drove and confirmed steering wheel is now strait not asstraiton some roads depending on road crown,"['steering_issue', 'heat_issue']"
5Haerbkw0Lj197079,"Gas, 6 Cyl, V6, 3.6L, Sidi, Dohc, Atss, Gen 1+","Transmission Byt 9 Spd, 9T65, Etrs Gen 1",4 Door Utility,Crossover Suv,49,39870,C.S Steering Wheel Stitching Seems To Be Coming Apart On Top Right Han D Corner,Replaced Steering Wheel,Wheel Asm-Strg *Black,Freg_Pol,200,68.86,200,Crestline Auto Co.,Houston,Tx,1,C.S Steering Wheel Stitching Seems To Be Coming Apart On Top Right Han D Corner Replaced Steering Wheel,cs steering wheel stitching seems to be coming apart on top right han d corner replaced steering wheel,['steering_issue']
1Hyksdrs0Sz164445,"Gas, 6 Cyl, 3.6L, V6, Di, Dohc, Vvt, Alum, Gen 2","Transmission Byt 9 Spd, 9T65, Etrs Gen 1",4 Door Utility,Global Crossover Vehicles,9,9090,Customer States Installed Steering Wheel,Pre Approval Number 496720400000 Heated Steering Wheel Light Not Worki Ng Trace To Faulty Light In Switch Replaced Steering Wheel.,Wheel Asm-Strg *Black,Freg,1712.85,81.85,1712.85,Goldengate Motors,Wilmington,De,1,Customer States Installed Steering Wheel Pre Approval Number 496720400000 Heated Steering Wheel Light Not Worki Ng Trace To Faulty Light In Switch Replaced Steering Wheel.,customer states installed steering wheel pre approval number  heated steering wheel light not worki ng trace to faulty light in switch replaced steering wheel,"['steering_issue', 'heat_issue']"
1H1Jd5Sb0L4142407,"Gas, 4 Cyl, 1.4L, Mfi, Dohc, Turbo, Vvt, Alum, Gme E85 Max","Byt 6 Spd, Hmd, X23F",4 Door Sedan,Global Gamma Vehicles,39,9109,Cs The Steering Wheel Is Pealing And Separating-Install Sop Refer To Ro 412613,Replaced Steering Wheel Sop Ordered On Ro 412613,Wheel Asm-Strg *Jet Black,Freg_Pol,412.41,62.4,412.41,Luxeline Auto,West Mifflin,Pa,1,Cs The Steering Wheel Is Pealing And Separating-Install Sop Refer To Ro 412613 Replaced Steering Wheel Sop Ordered On Ro 412613,cs the steering wheel is pealing and separatinginstall sop refer to ro  replaced steering wheel sop ordered on ro ,['steering_issue']
1Hykn9Rs3Nz156257,"Gas, 6 Cyl, 3.6L, V6, Di, Dohc, Vvt, Alum, Gen 2","Transmission Byt 9 Spd, 9T65, Etrs Gen 1",4 Door Utility,Global Crossover Vehicles,13,29915,Steering Wheel Molding Came Off,"Steering Wheel Cover Replacement Part In Backorder, Order Control 36683082",Cover-Strg Whl Spoke *Hi Gloss V-C,Freg,960.87,22.93,828.34,Riverstone Car Sales,Leon,Gj,1,"Steering Wheel Molding Came Off Steering Wheel Cover Replacement Part In Backorder, Order Control 36683082",steering wheel molding came off steering wheel cover replacement part in backorder order control ,['steering_issue']
1Hrs9Eed9Mz268771,"Gas, 8 Cyl, 5.3L, V8, Di, Dfm, Alum, Gen 5","Byt 10 Spd, 10L80, Atss, Cpa, Gen 2",Crew Cab,Full-Size Trucks,35,80805,"C/S The Steering Wheel Is Peeling In Some Areas. Customer Request Assi Stance To Replace Steering Wheel. Approved, Sop Here",Replaced Steering Wheel Assembly. Customer To Pay Warranty Deductible,Wheel Asm-Strg *Black,Freg_Pol,143.68,70.76,143.68,Primeedge Motors,Clearwater,Fl,1,"C/S The Steering Wheel Is Peeling In Some Areas. Customer Request Assi Stance To Replace Steering Wheel. Approved, Sop Here Replaced Steering Wheel Assembly. Customer To Pay Warranty Deductible",cs the steering wheel is peeling in some areas customer request assi stance to replace steering wheel approved sop here replaced steering wheel assembly customer to pay warranty deductible,"['steering_issue', 'material_wear']"
1Hks2Jkl7Sr422793,"Gas, 8 Cyl, V8, 6.2L, Di, Dfm, Alum, Gen 5","Byt 10 Spd, 10L80, Grx, Gen 1, Atss, Etrs, Var 1",4 Door Utility,Full-Size Utility,5,12323,"Cust States The Stitching On Steering Wheel Is Loose, Please Check And Advise.",Replaced Steering Wheel,Wheel Asm-Strg *Fawn,Freg,963.92,56.55,963.92,Platinum Peak Auto,Taylor,Mi,1,"Cust States The Stitching On Steering Wheel Is Loose, Please Check And Advise. Replaced Steering Wheel",cust states the stitching on steering wheel is loose please check and advise replaced steering wheel,['steering_issue']
1Hyknhrs5Nz163005,"Gas, 6 Cyl, 3.6L, V6, Di, Dohc, Vvt, Alum, Gen 2","Transmission Byt 9 Spd, 9T65, Etrs Gen 1",4 Door Utility,Global Crossover Vehicles,16,26760,Customer State Bezel On Steering Wheel Is Coming Apart. Part Ordered A Nd In Stock For Install,Replaced Cover,Cover-Strg Whl Spoke *Hi Gloss V-C,Freg,697.51,65.86,697.51,Silverridge Motors,Fairfield,Oh,1,Customer State Bezel On Steering Wheel Is Coming Apart. Part Ordered A Nd In Stock For Install Replaced Cover,customer state bezel on steering wheel is coming apart part ordered a nd in stock for install replaced cover,['steering_issue']
3Hcfyhed7Nh206711,"Gas, 8 Cyl, 5.3L, V8, Di, Dfm, Alum, Gen 5","Byt 8 Spd, 8L90, Atss, Cpa, Gen 1",Crew Cab,Full-Size Trucks,21,31458,"Customer States That The Cruise Control Is Not Working, Customer States That They Will Enable The Cruise Control Using The Buttonbut The Vehicle Will Not Hold The Speed. Please Advise Ok Part Warranty Refer To Previous Repair Order 27724 1.16.24 @ 19373 Miles.Ok Replacement Of Complete Steering Wheel Vs. Switch Only Replacement To Ensure Integrity Of Repair Mike A. 1.26.24 @ 11:04 Am Prasubmitted And Apporved For Replacement Of Steering Wheel Pra # 496887800000 Mike A. 1.26.24 @ 11:48 Am Ok R Authorization Forrepeat Repair, Part Concern No Tech Error Mike A.","Replaced Steering Wheel And Retested Operation, Verified All Steering Wheel Switches Operating As Intended. 19547-19550 Mt",Wheel Asm-Strg *Jet Black,Freg,250.47,77.69,250.47,Westbay Auto Traders,Temecula,Ca,1,"Customer States That The Cruise Control Is Not Working, Customer States That They Will Enable The Cruise Control Using The Buttonbut The Vehicle Will Not Hold The Speed. Please Advise Ok Part Warranty Refer To Previous Repair Order 27724 1.16.24 @ 19373 Miles.Ok Replacement Of Complete Steering Wheel Vs. Switch Only Replacement To Ensure Integrity Of Repair Mike A. 1.26.24 @ 11:04 Am Prasubmitted And Apporved For Replacement Of Steering Wheel Pra # 496887800000 Mike A. 1.26.24 @ 11:48 Am Ok R Authorization Forrepeat Repair, Part Concern No Tech Error Mike A. Replaced Steering Wheel And Retested Operation, Verified All Steering Wheel Switches Operating As Intended. 19547-19550 Mt",customer states that the cruise control is not working customer states that they will enable the cruise control using the buttonbut the vehicle will not hold the speed please advise ok part warranty refer to previous repair order     milesok replacement of complete steering wheel vs switch only replacement to ensure integrity of repair mike a    am prasubmitted and apporved for replacement of steering wheel pra   mike a    am ok r authorization forrepeat repair part concern no tech error mike a replaced steering wheel and retested operation verified all steering wheel switches operating as intended  mt,"['steering_issue', 'cruise_control']"
1H1Fw6S02N4102661,Unknown,"Byt, Electric, Gm, Gem, Gen 2, Drive Unit, X68F",4 Door Sedan,Global Gamma,31,59355,Heated Volan Devarque By Itself Intermittent Customer Must Return Them,Replaced Heated Steering Module,Module Asm-Strg Whl Ht Cont,Freg,124.57,102.14,108.35,Sunsetdrive Motors,Berthierville,Pq,1,Heated Volan Devarque By Itself Intermittent Customer Must Return Them Replaced Heated Steering Module,heated volan devarque by itself intermittent customer must return them replaced heated steering module,"['electronics', 'steering_issue', 'heat_issue']"
1Hyfzfr46Sf102560,"Gas, 4 Cyl, L4, 2.0L, Sidi, Dohc, Vvt, Alum, Turb O, Var 3","Byt 9 Spd, 9T50, Etrs Gen 1",4 Door Utility,Global Epsilon Ii,16,24304,#Update#Customer States Vehicle'S Steering Wheel Was Smoking Out Of Theright Side Of Wheel And After Steering Wheel Heater Was Shutoff Smoking Stopped. Please Check And Advise.C/S: Sop Install Parts Here Per Drew H. - History Ro 431014 - Steering Wheel -Customerto See Rob C.,"Installed Steering Wheel From Last Visit, Tested All Functions, Everything Is Fine Now",Wheel Asm-Strg *Jet Black,Freg,394.32,201.15,394.32,Eaglewing Auto Sales,Reno,Nv,1,"#Update#Customer States Vehicle'S Steering Wheel Was Smoking Out Of Theright Side Of Wheel And After Steering Wheel Heater Was Shutoff Smoking Stopped. Please Check And Advise.C/S: Sop Install Parts Here Per Drew H. - History Ro 431014 - Steering Wheel -Customerto See Rob C. Installed Steering Wheel From Last Visit, Tested All Functions, Everything Is Fine Now",updatecustomer states vehicles steering wheel was smoking out of theright side of wheel and after steering wheel heater was shutoff smoking stopped please check and advisecs sop install parts here per drew h  history ro   steering wheel customerto see rob c installed steering wheel from last visit tested all functions everything is fine now,"['steering_issue', 'heat_issue']"
1H1Fz6S01N4111553,Unknown,"Byt, Electric, Gm, Gem, Gen 2, Drive Unit, X68F",4 Door Sedan,Global Gamma,17,40734,Customer States Heated Steering Wheel Is Not Working,Diagnose Heated Steering Wheel Does Not Get Warm With No Codes Setting . Test And Found Button Lights When Depressed And Goes Offright Away. Verify Fuse F26Da Is Getting Power. Remove Airbag Assembly And Verify Power To Heated Steering Module. Dissasemlbeand Test Circuits For St Eering Wheel Heater And Found Heater Circuit Open. Reassemble And Orde R New Steering Wheel Assembly.Installed New Steering Wheel At 2Nd Visit And Verify Proper Operation.,Wheel Asm-Strg *Jet Black,Freg,603.59,191.16,579.72,Roadking Car Traders,Lancaster,Pa,1,Customer States Heated Steering Wheel Is Not Working Diagnose Heated Steering Wheel Does Not Get Warm With No Codes Setting . Test And Found Button Lights When Depressed And Goes Offright Away. Verify Fuse F26Da Is Getting Power. Remove Airbag Assembly And Verify Power To Heated Steering Module. Dissasemlbeand Test Circuits For St Eering Wheel Heater And Found Heater Circuit Open. Reassemble And Orde R New Steering Wheel Assembly.Installed New Steering Wheel At 2Nd Visit And Verify Proper Operation.,customer states heated steering wheel is not working diagnose heated steering wheel does not get warm with no codes setting  test and found button lights when depressed and goes offright away verify fuse fda is getting power remove airbag assembly and verify power to heated steering module dissasemlbeand test circuits for st eering wheel heater and found heater circuit open reassemble and orde r new steering wheel assemblyinstalled new steering wheel at nd visit and verify proper operation,"['electronics', 'steering_issue', 'heat_issue']"
1H1Fz6S08N4104213,Unknown,"Byt, Electric, Gm, Gem, Gen 2, Drive Unit, X68F",4 Door Sedan,Global Gamma,19,24507,Customer States Super Cruise Does Not Work. Diagnose And Advise.,"C-S Super Cruise Inop. Verified Super Cruise Is Inop. Scan Dtc'S. B290 A Flow Chart Doc Id #4862361 - Verified No Other Dtc'S Setinactive S Afety Control Module, And Has Communication. Cleared Dtc. Dtc B290A Re Sets. Replaced Steering Wheel. Clear Dtc Testdrove.No Dtcs Setting At This Time. Cruise Is Working. Not In An Area For Supercruise. Diagnos Is On Ro 142670",Wheel Asm-Strg *Jet Black,Freg,1656.85,151.92,1655.49,Novadrive Motors,Villa Park,Il,1,"Customer States Super Cruise Does Not Work. Diagnose And Advise. C-S Super Cruise Inop. Verified Super Cruise Is Inop. Scan Dtc'S. B290 A Flow Chart Doc Id #4862361 - Verified No Other Dtc'S Setinactive S Afety Control Module, And Has Communication. Cleared Dtc. Dtc B290A Re Sets. Replaced Steering Wheel. Clear Dtc Testdrove.No Dtcs Setting At This Time. Cruise Is Working. Not In An Area For Supercruise. Diagnos Is On Ro 142670",customer states super cruise does not work diagnose and advise cs super cruise inop verified super cruise is inop scan dtcs b a flow chart doc id   verified no other dtcs setinactive s afety control module and has communication cleared dtc dtc ba re sets replaced steering wheel clear dtc testdroveno dtcs setting at this time cruise is working not in an area for supercruise diagnos is on ro ,"['electronics', 'steering_issue', 'cruise_control']"
1Hc4Ysey6Sf164779,"Diesel, 8 Cyl, 6.6L, Di, V8, Turbo, Duramax, Gen 5 Var. 1","Byt 10 Spd, 10R1000, Grx, Gen 1, Var 1",Crew Cab,Full-Size Trucks,14,16932,Ck Heated Steering Wheel Inop,0130/0.4/0.3 Total/0.7 Replaced Steering.Wontheat Up,Wheel Asm-Strg *Very Dark At,Freg,513.95,158.65,513.95,Grandview Auto Sales,Simi Valley,Ca,1,Ck Heated Steering Wheel Inop 0130/0.4/0.3 Total/0.7 Replaced Steering.Wontheat Up,ck heated steering wheel inop  total replaced steeringwontheat up,"['steering_issue', 'heat_issue']"
3Hnkbkrsxss106498,"Gas, 6 Cyl, 3.6L, V6, Di, Dohc, Vvt, Alum, Gen 2","Byt 9 Spd, 9T65, Gen 1",4 Door Utility,Crossover Suv,4,5248,Customer Complaint Steering Wheel Has Buble Under Leather,"1Replaced Steering Wheel, All Ok","Wheel,Strg *Jet Black",Freg,362.69,40.15,320.96,Apexstreet Auto,Kapuskasing,On,1,"Customer Complaint Steering Wheel Has Buble Under Leather 1Replaced Steering Wheel, All Ok",customer complaint steering wheel has buble under leather replaced steering wheel all ok,"['steering_issue', 'material_wear']"
1H1Ff1R79N0134651,"Gas, 8 Cyl, 6.2L, Di, Afm, Vvt, Ho, Alum, Gmna","Byt 10 Spd, 10L80, Grx, Var 1, Gen 1",2 Door Coupe,Alpha,18,16169,C/S Steering Wheel Cover Loose And Moving.,Replaced Steering Wheel For Cover Being Loose Inside.,Wheel Asm-Strg *Jet Black,Freg,687.11,244.54,687.11,Urbanshore Motors,Sanford,Fl,1,C/S Steering Wheel Cover Loose And Moving. Replaced Steering Wheel For Cover Being Loose Inside.,cs steering wheel cover loose and moving replaced steering wheel for cover being loose inside,['steering_issue']
1Hys4Rkl3Sr469754,"Gas, 8 Cyl, V8, 6.2L, Di, Dfm, Alum, Gen 5","Byt 10 Spd, 10L80, Grx, Gen 1, Atss, Etrs, Var 1",4 Door Utility,Full-Size Utility,2,3801,Rear Wiper Not Working Cust Thawed Out Veh And Jiggled The Control Arm A Couple Times Then It Worked After Trying Several Timescustthinks Signal Is Not Getting Fromn Front To Back Wiring Cust Has A Video Of The Process He Performed Diagnose Report,Diagnose And Report Rear Wipers Inop Test And Found Dtcs U1134U0131U1615B19F2 U1103 U1132 Check Lin Bus Value Fixed At 6 Voltsnottoggling --Remove Rear Panels And Disconnect Rear 3 Row Seat Not Working And Rear Wiper Still Has Lin Bus Issue ---Recheckvoltagestill Stuck At 6 Volts ---Called Tac Opened Case 9-11734286785 Spoke With Josh ---After Following Diagnostics For B19F2 Sym00 Itsaid Follow Other Dtcs First ----He Corrected Issue By Saying To Diagnose B19F2 First ---Diagnosis Lead To Replacement Ofheatedsteering Wheel ---Order Part ---Re Assemble All Loose Panels ----Installed Steering Wheel And Clear Dtcs Test All Acc All Ok,Wheel Asm-Strg *Black,Freg,1335.14,61.95,1181.54,Blueline Auto Traders,Pembroke,On,1,Rear Wiper Not Working Cust Thawed Out Veh And Jiggled The Control Arm A Couple Times Then It Worked After Trying Several Timescustthinks Signal Is Not Getting Fromn Front To Back Wiring Cust Has A Video Of The Process He Performed Diagnose Report Diagnose And Report Rear Wipers Inop Test And Found Dtcs U1134U0131U1615B19F2 U1103 U1132 Check Lin Bus Value Fixed At 6 Voltsnottoggling --Remove Rear Panels And Disconnect Rear 3 Row Seat Not Working And Rear Wiper Still Has Lin Bus Issue ---Recheckvoltagestill Stuck At 6 Volts ---Called Tac Opened Case 9-11734286785 Spoke With Josh ---After Following Diagnostics For B19F2 Sym00 Itsaid Follow Other Dtcs First ----He Corrected Issue By Saying To Diagnose B19F2 First ---Diagnosis Lead To Replacement Ofheatedsteering Wheel ---Order Part ---Re Assemble All Loose Panels ----Installed Steering Wheel And Clear Dtcs Test All Acc All Ok,rear wiper not working cust thawed out veh and jiggled the control arm a couple times then it worked after trying several timescustthinks signal is not getting fromn front to back wiring cust has a video of the process he performed diagnose report diagnose and report rear wipers inop test and found dtcs uuubf u u check lin bus value fixed at  voltsnottoggling remove rear panels and disconnect rear  row seat not working and rear wiper still has lin bus issue recheckvoltagestill stuck at  volts called tac opened case  spoke with josh after following diagnostics for bf sym itsaid follow other dtcs first he corrected issue by saying to diagnose bf first diagnosis lead to replacement ofheatedsteering wheel order part re assemble all loose panels installed steering wheel and clear dtcs test all acc all ok,"['electronics', 'steering_issue', 'heat_issue']"
3Hrffhel3Sh345370,"Gas, 8 Cyl, V8, 6.2L, Di, Dfm, Alum, Gen 5","Byt 10 Spd, 10L80, Grx, Gen 1, Atss, Etrs, Var 1",Crew Cab,Full-Size Trucks,4,4004,"Cust States The Steering Wheel Stitching Is Coming Apart, Please Check And Advise.",Replaced Steering Wheel Assembly Under Warranty Due To Manfacturer Defect. Complete.,Wheel Asm-Strg *Very Dark At,Freg,474.01,72.84,474.01,Swiftedge Car Sales,Conway,Ar,1,"Cust States The Steering Wheel Stitching Is Coming Apart, Please Check And Advise. Replaced Steering Wheel Assembly Under Warranty Due To Manfacturer Defect. Complete.",cust states the steering wheel stitching is coming apart please check and advise replaced steering wheel assembly under warranty due to manfacturer defect complete,['steering_issue']
3Hrf9Eer4Mh149522,"Diesel, 6 Cyl, 3.0L, Cri, L6, Dohc, Turbo, Vgt, Al Um, Css50V","Byt 10 Spd, 10L80, Atss, Cpa, Gen 2",Crew Cab,Full-Size Trucks,39,61234,Guest States Steering Wheel Inserts Right And Left Are Peeling (Sop He Re),Verified Concern Replaced Steering Wheel Spoke Cover,Applique Asm-Strg Whl Tr Spoke Cvr *Vulcan,Freg_Pol,389.71,135.54,389.71,Royalauto Traders,Sunrise,Fl,1,Guest States Steering Wheel Inserts Right And Left Are Peeling (Sop He Re) Verified Concern Replaced Steering Wheel Spoke Cover,guest states steering wheel inserts right and left are peeling sop he re verified concern replaced steering wheel spoke cover,"['steering_issue', 'material_wear']"
1Hrs8Ded5Mz161956,"Gas, 8 Cyl, 5.3L, V8, Di, Dfm, Alum, Gen 5","Byt 8 Spd, 8L90, Atss, Cpa, Gen 1",Crew Cab,Full-Size Trucks,33,38285,Electrical System C S Customer States Cruze Con Trol Does Not Work Properly You Can T See How Muc H Speed You Areaddingordecreasingas Well Veh Icle Does Not Adjust Speed While Having A Vehicle In Front,Replaced Steering Wheel Horn Switch Wiring Harness And Clock Spring And Steering Wheel Airbag Coil Verified Thatsteeringwheelvolumeand Radio Controls Were Working And They Are Now Working As Designed Customers Concern Was Addressed Labor Code0020St,Harness Asm-Strg Whl Horn Sw Wrg,Freg,674.27,500.07,674.27,Crestridge Motors,Laredo,Tx,1,Electrical System C S Customer States Cruze Con Trol Does Not Work Properly You Can T See How Muc H Speed You Areaddingordecreasingas Well Veh Icle Does Not Adjust Speed While Having A Vehicle In Front Replaced Steering Wheel Horn Switch Wiring Harness And Clock Spring And Steering Wheel Airbag Coil Verified Thatsteeringwheelvolumeand Radio Controls Were Working And They Are Now Working As Designed Customers Concern Was Addressed Labor Code0020St,electrical system c s customer states cruze con trol does not work properly you can t see how muc h speed you areaddingordecreasingas well veh icle does not adjust speed while having a vehicle in front replaced steering wheel horn switch wiring harness and clock spring and steering wheel airbag coil verified thatsteeringwheelvolumeand radio controls were working and they are now working as designed customers concern was addressed labor codest,"['electronics', 'steering_issue']"
1Hnskdkd4Nr281286,"Gas, 8 Cyl, 5.3L, V8, Di, Dfm, Alum, Gen 5","Byt 10 Spd, 10L80, Grx, Gen 1, Atss, Etrs, Var 1",4 Door Utility,Full-Size Utility,21,55915,8 Info: Information Customer States Vehicle Steering Wheel Is Making A Clicking Noise And Rattling While Driving.,Replaced Loose Applique,Applique Asm-Strg Whl Tr Spoke Cvr *Synthesis,Freg,121.14,96.36,121.14,Horizonwheel Auto,Metairie,La,1,8 Info: Information Customer States Vehicle Steering Wheel Is Making A Clicking Noise And Rattling While Driving. Replaced Loose Applique, info information customer states vehicle steering wheel is making a clicking noise and rattling while driving replaced loose applique,['steering_issue']
3Hrffcer2Nh609121,"Diesel, 6 Cyl, 3.0L, Cri, L6, Dohc, Turbo, Vgt, Al Um, Css50V","Byt 10 Spd, 10L80, Atss, Etrs, Cpa, Gen 2",Crew Cab,Full-Size Trucks,15,42217,Customer States Heated Steering Wheel Only Gets Lukewarm Not Hot.,Removed Old Steering Wheel And Installed New One. Tried New Steering Wheel And New One Heats Properly. All Okay Now...,Wheel Asm-Strg *Black,Freg,535.75,90.83,474.12,Bluestream Motors,Sudbury,On,1,Customer States Heated Steering Wheel Only Gets Lukewarm Not Hot. Removed Old Steering Wheel And Installed New One. Tried New Steering Wheel And New One Heats Properly. All Okay Now...,customer states heated steering wheel only gets lukewarm not hot removed old steering wheel and installed new one tried new steering wheel and new one heats properly all okay now,"['steering_issue', 'heat_issue']"
1H6Dc5Rk2L0132064,"Gas, 4 Cyl, L4, 2.0L, Sidi, Dohc, Vvt, Alum, Turb O, Var 3","Byt 8 Spd, 8L45, Bas+",4 Door Sedan,Luxury Car-2,46,13580,Sop Is In Per Customer The Leather Wrap On The Back Of Steering Wheel Is Loose Sop Is In Approved By Pra,Corr- (0130) Replaced Steering Wheel,Wheel Asm-Strg *Jet Black,Freg,394.83,108,394.83,Libertypeak Auto Sales,Glendale,Az,1,Sop Is In Per Customer The Leather Wrap On The Back Of Steering Wheel Is Loose Sop Is In Approved By Pra Corr- (0130) Replaced Steering Wheel,sop is in per customer the leather wrap on the back of steering wheel is loose sop is in approved by pra corr  replaced steering wheel,"['steering_issue', 'material_wear']"
5Haerdkw8Sj224112,"Gas, 6 Cyl, V6, 3.6L, Sidi, Dohc, Atss, Gen 1+","Transmission Byt 9 Spd, 9T65, Etrs Gen 1",4 Door Utility,Crossover Suv,3,4728,Customer States Steering Wheel Cover Coming Off On Bottom Side Of Steering Wheel,Replaced Steering Wheel,Wheel Asm-Strg *Jet Black,Freg,608.01,58.43,608.01,Platinum Road Traders,Lufkin,Tx,1,Customer States Steering Wheel Cover Coming Off On Bottom Side Of Steering Wheel Replaced Steering Wheel,customer states steering wheel cover coming off on bottom side of steering wheel replaced steering wheel,['steering_issue']
1Hks2Ckl2Nr279082,"Gas, 8 Cyl, V8, 6.2L, Di, Dfm, Alum, Gen 5","Byt 10 Spd, 10L80, Grx, Gen 1, Atss, Etrs, Var 1",4 Door Utility,Full-Size Utility,21,55638,Customer States That The Heated Steering Wheel Intermittently Does Not Work / States That The Light Does Not Illuminate At All Andthe Steer Ing Wheel Does Not Heat---Please Advise (Customer Showed Advisor A Vid Eo Of It Happening),Checked And Found Code -B1A4C-92-Heated Steering Wheel - Performance. Checked And Found Power Ground And Signal Going To Heatedsteering Whe El. Removed And Replaced Steering Wheel Cleared Codes And Rechecked.,"Wheel Asm,Strg",Freg,365.36,129.06,365.36,Cityedge Auto Sales,Scottsdale,Az,1,Customer States That The Heated Steering Wheel Intermittently Does Not Work / States That The Light Does Not Illuminate At All Andthe Steer Ing Wheel Does Not Heat---Please Advise (Customer Showed Advisor A Vid Eo Of It Happening) Checked And Found Code -B1A4C-92-Heated Steering Wheel - Performance. Checked And Found Power Ground And Signal Going To Heatedsteering Whe El. Removed And Replaced Steering Wheel Cleared Codes And Rechecked.,customer states that the heated steering wheel intermittently does not work  states that the light does not illuminate at all andthe steer ing wheel does not heatplease advise customer showed advisor a vid eo of it happening checked and found code bacheated steering wheel  performance checked and found power ground and signal going to heatedsteering whe el removed and replaced steering wheel cleared codes and rechecked,"['electronics', 'steering_issue', 'heat_issue']"
3Hrffcer0Nh647253,"Diesel, 6 Cyl, 3.0L, Cri, L6, Dohc, Turbo, Vgt, Al Um, Css50V","Byt 10 Spd, 10L80, Atss, Etrs, Cpa, Gen 2",Crew Cab,Full-Size Trucks,17,56950,Cust States Steering Wheel Does Not Heat Up Completely Only One Small Spot Sop In,Replaced Steering Wheel And Retest System Operating As Designed At This Time Preauth 494643400000,Wheel Asm-Strg *Jet Black,Freg,551.25,100.17,551.25,Goldstar Motors,Orlando,Fl,1,Cust States Steering Wheel Does Not Heat Up Completely Only One Small Spot Sop In Replaced Steering Wheel And Retest System Operating As Designed At This Time Preauth 494643400000,cust states steering wheel does not heat up completely only one small spot sop in replaced steering wheel and retest system operating as designed at this time preauth ,"['steering_issue', 'heat_issue']"
3Hcfdhel2Sh305075,"Gas, 8 Cyl, V8, 6.2L, Di, Dfm, Alum, Gen 5","Byt 10 Spd, 10L80, Grx, Gen 1, Atss, Etrs, Var 1",Crew Cab,Full-Size Trucks,7,2428,Leather On Steering Wheel Coming Loose On Bottom.,Cc0890 Fc2039Pra#490428700000  Op0130 0.50 ,Wheel Asm-Strg *Jet Black,Freg,475.85,64.71,475.85,Summitdrive Car Sales,Joplin,Mo,1,Leather On Steering Wheel Coming Loose On Bottom. Cc0890 Fc2039Pra#490428700000  Op0130 0.50 ,leather on steering wheel coming loose on bottom cc fcpra  op  ,"['steering_issue', 'material_wear']"
1H1Fy6S0Xn4126832,Unknown,"Byt, Electric, Gm, Gem, Gen 2, Drive Unit, X68F",4 Door Sedan,Global Gamma,18,25178,Customer States The Heated Steering Wheel Does Not Work,Replaced Steering Wheel,Module Asm-Strg Whl Ht Cont,Freg,126.63,42.62,126.63,Redstone Auto Co.,Salem,Or,1,Customer States The Heated Steering Wheel Does Not Work Replaced Steering Wheel,customer states the heated steering wheel does not work replaced steering wheel,"['steering_issue', 'heat_issue']"
1Hcfdeel5Sz298766,"Gas, 8 Cyl, V8, 6.2L, Di, Dfm, Alum, Gen 5","Byt 10 Spd, 10L80, Grx, Gen 1, Atss, Etrs, Var 1",Crew Cab,Full-Size Trucks,3,8991,"Customer States Heated Steering Wheel Wont Heat Up, Light Wont Turn On","Performed Circuit/ System Verification And Testing Per Doc Id-5316968. Lead To Replaced Steering Wheel Heater, Service Assteeringwheel Assembly. Remove And Replaced Steering Wheel Assembly, Cleared Dtcs And Verified Operation Of The Steering Wheelheater.0130 .5",Wheel Asm-Strg *Very Dark At,Freg,622.24,88.8,484.24,Eaglepeak Motors,Sandusky,Oh,1,"Customer States Heated Steering Wheel Wont Heat Up, Light Wont Turn On Performed Circuit/ System Verification And Testing Per Doc Id-5316968. Lead To Replaced Steering Wheel Heater, Service Assteeringwheel Assembly. Remove And Replaced Steering Wheel Assembly, Cleared Dtcs And Verified Operation Of The Steering Wheelheater.0130 .5",customer states heated steering wheel wont heat up light wont turn on performed circuit system verification and testing per doc id lead to replaced steering wheel heater service assteeringwheel assembly remove and replaced steering wheel assembly cleared dtcs and verified operation of the steering wheelheater ,"['electronics', 'steering_issue', 'heat_issue']"
3Hcfdhelxsh293533,"Gas, 8 Cyl, V8, 6.2L, Di, Dfm, Alum, Gen 5","Byt 10 Spd, 10L80, Grx, Gen 1, Atss, Etrs, Var 1",Crew Cab,Full-Size Trucks,5,15886,C/S: Steering Wheel Bubbling Please Refrence Ro 400375 For Pra Auth 494226600000,Removed Steering Wheel Following Service Information Procedure And Replaced Steering Wheel With New Assembly And Confirmed Allfunctions Work As Designed Labor Code 0130 Labor Time .5 No Diagnosis Time,Wheel Asm-Strg *Jet Black,Freg,490.17,79.12,490.17,Westwood Auto Sales,Norfolk,Va,1,C/S: Steering Wheel Bubbling Please Refrence Ro 400375 For Pra Auth 494226600000 Removed Steering Wheel Following Service Information Procedure And Replaced Steering Wheel With New Assembly And Confirmed Allfunctions Work As Designed Labor Code 0130 Labor Time .5 No Diagnosis Time,cs steering wheel bubbling please refrence ro  for pra auth  removed steering wheel following service information procedure and replaced steering wheel with new assembly and confirmed allfunctions work as designed labor code  labor time  no diagnosis time,"['electronics', 'steering_issue']"
5Haerakw0Mj183761,"Gas, 6 Cyl, V6, 3.6L, Sidi, Dohc, Atss, Gen 1+","Transmission Byt 9 Spd, 9T65, Etrs Gen 1",4 Door Utility,Crossover Suv,34,59272,"Customer States Right Side Of Steering Is Peeling, Auth # 494344600000","Accessed, Removed And Replaced The Steering Wheel. The System Is Now Operating As Designed. Labor Op0130 Time Units (Tu) .7.",Wheel Asm-Strg *Black,Freg_Pol,440.06,91.88,402.06,Titanedge Motors,Sherman Oaks,Ca,1,"Customer States Right Side Of Steering Is Peeling, Auth # 494344600000 Accessed, Removed And Replaced The Steering Wheel. The System Is Now Operating As Designed. Labor Op0130 Time Units (Tu) .7.",customer states right side of steering is peeling auth   accessed removed and replaced the steering wheel the system is now operating as designed labor op time units tu ,"['steering_issue', 'material_wear']"
2Hc4Yfe74R1152517,"Gas, 8 Cyl, 6.6L, Sidi, Vvt, Cast Iron","Byt 10 Spd, Rwd 4.54 1St, 2.86 2Nd, 2.06 3Rd, 1.7 1 4Th, 1.48 5Th, 1.26 6Th, 1.00 7Th, 10L",Crew Cab,Full-Size Trucks,2,6428,Customer States Steering Wheel Bottom Is Loose,Replaced Steering Wheel.,Wheel Asm-Strg *Jet Black,Freg,319.43,55.46,319.43,Crystalwheels Auto,Grand Rapids,Mn,1,Customer States Steering Wheel Bottom Is Loose Replaced Steering Wheel.,customer states steering wheel bottom is loose replaced steering wheel,['steering_issue']
3Hcsy9El8Nh181074,"Gas, 8 Cyl, V8, 6.2L, Di, Dfm, Alum, Gen 5","Byt 10 Spd, 10L80, Atss, Cpa, Gen 2",Crew Cab,Full-Size Trucks,17,48548,Customer States Steering Wheel De-Laminating,Remove And Replaced Steering Wheel,Wheel Asm-Strg *Jet Black,Freg,458.56,68.66,458.56,Victorydrive Motors,Somerton Park,Sa,4,Customer States Steering Wheel De-Laminating Remove And Replaced Steering Wheel,customer states steering wheel delaminating remove and replaced steering wheel,['steering_issue']
1H1Fz6S06N4112021,Unknown,"Byt, Electric, Gm, Gem, Gen 2, Drive Unit, X68F",4 Door Sedan,Global Gamma,15,27882,"Customer States Heated Steering Wheel Is Not Working, Inspect And Advise.",Replaced Steering Wheel And Torqued All Bolts To Spec. Checked Opeation And Heated Wheel Now Is Operation.,Wheel Asm-Strg *Jet Black,Freg,512.28,100.1,512.28,Silvershore Car Traders,Post Falls,Id,1,"Customer States Heated Steering Wheel Is Not Working, Inspect And Advise. Replaced Steering Wheel And Torqued All Bolts To Spec. Checked Opeation And Heated Wheel Now Is Operation.",customer states heated steering wheel is not working inspect and advise replaced steering wheel and torqued all bolts to spec checked opeation and heated wheel now is operation,"['steering_issue', 'heat_issue']"
1Hnskrkl5Sr469158,"Gas, 8 Cyl, V8, 6.2L, Di, Dfm, Alum, Gen 5","Byt 10 Spd, 10L80, Grx, Gen 1, Atss, Etrs, Var 1",4 Door Utility,Full-Size Utility,5,491,Install Sop. Customer States The Stitching On The Steering Wheel Is Coming Loose. Pra Accepted Pre-Authorization Number 493070000000,R&R Steering Wheel.,Wheel Asm-Strg *Jet Black,Freg,388.02,96.93,388.02,Diamondedge Auto,Bolingbrook,Il,1,Install Sop. Customer States The Stitching On The Steering Wheel Is Coming Loose. Pra Accepted Pre-Authorization Number 493070000000 R&R Steering Wheel.,install sop customer states the stitching on the steering wheel is coming loose pra accepted preauthorization number  rr steering wheel,['steering_issue']
1Hks2Jkl0Sr471303,"Gas, 8 Cyl, V8, 6.2L, Di, Dfm, Alum, Gen 5","Byt 10 Spd, 10L80, Grx, Gen 1, Atss, Etrs, Var 1",4 Door Utility,Full-Size Utility,3,3246,Customer States Super Cruise Inoperative.,Test Drove And Duplicated Customers Concern. Found Super Cruise Inop. Found Dtc B19F2 00 Heated Steering Wheel Module Code In Imageprocessing Module. Found Doc Id 6270800 Found Code Was Current And Would Not Clear. Found New Wheel Will Be Needed. Reached Out Totac And Found Issue To Be Steering Wheel/Module. Part On Order. Pra 495999100000 2/2/2024 Replaced Steering Wheel/Module Andcleared Codes. Performed Test Drive On I-95 And Found Super Cruise To Be Fully Functional After Repairs.,Wheel Asm-Strg *Jet Black,Freg,1268.82,69.8,1268.82,Luxewheel Motors,Danvers,Ma,1,Customer States Super Cruise Inoperative. Test Drove And Duplicated Customers Concern. Found Super Cruise Inop. Found Dtc B19F2 00 Heated Steering Wheel Module Code In Imageprocessing Module. Found Doc Id 6270800 Found Code Was Current And Would Not Clear. Found New Wheel Will Be Needed. Reached Out Totac And Found Issue To Be Steering Wheel/Module. Part On Order. Pra 495999100000 2/2/2024 Replaced Steering Wheel/Module Andcleared Codes. Performed Test Drive On I-95 And Found Super Cruise To Be Fully Functional After Repairs.,customer states super cruise inoperative test drove and duplicated customers concern found super cruise inop found dtc bf  heated steering wheel module code in imageprocessing module found doc id  found code was current and would not clear found new wheel will be needed reached out totac and found issue to be steering wheelmodule part on order pra   replaced steering wheelmodule andcleared codes performed test drive on i and found super cruise to be fully functional after repairs,"['electronics', 'steering_issue', 'cruise_control', 'heat_issue']"
1Hyksmrk4Sz003287,Unknown,Unknown,4 Door Utility,Bev,9,9870,"Customer Statesburr On Right Side Of Steering Wheel, Stich Coming Off.",Replaced Steering Wheel Claim Type B 0130 0.5 Pre-Repair Authorizati On Id-497269600000,Wheel Asm-Strg *Backen Blackk,Freg,1480.02,108.22,1480.02,Coastalcar Traders,Signal Hill,Ca,1,"Customer Statesburr On Right Side Of Steering Wheel, Stich Coming Off. Replaced Steering Wheel Claim Type B 0130 0.5 Pre-Repair Authorizati On Id-497269600000",customer statesburr on right side of steering wheel stich coming off replaced steering wheel claim type b   prerepair authorizati on id,['steering_issue']
1H1Fw6S05N4120118,Unknown,"Byt, Electric, Gm, Gem, Gen 2, Drive Unit, X68F",4 Door Sedan,Global Gamma,17,35920,"Steering Wheel Is Not Heating Anymore. Light Comes On But No Heat. If Turned Off, And Try To Put It Back On, The Light Wo Ntcomeon,Please Check Faut Faire Une Preauthorisation Avant De Changer Piece Faut Faire Une Preauthorisation Avant De Changer Piece","Scanner Test, No Trouble Code. Check Bulletin, None. Disassemble Air Bag Module. Disconnect Steering Module. Checkcurrentandground,Ok.Continue Diagnosis.Files At The Base Of The Heater At The Steering Are User,Open Circuit. Order Steering, Part 10 Days. Filled Steering Wheel",Wheel Asm-Strg *Jet Black,Freg,359.21,81.84,312.43,Platinumstar Auto,Pincourt,Pq,1,"Steering Wheel Is Not Heating Anymore. Light Comes On But No Heat. If Turned Off, And Try To Put It Back On, The Light Wo Ntcomeon,Please Check Faut Faire Une Preauthorisation Avant De Changer Piece Faut Faire Une Preauthorisation Avant De Changer Piece Scanner Test, No Trouble Code. Check Bulletin, None. Disassemble Air Bag Module. Disconnect Steering Module. Checkcurrentandground,Ok.Continue Diagnosis.Files At The Base Of The Heater At The Steering Are User,Open Circuit. Order Steering, Part 10 Days. Filled Steering Wheel",steering wheel is not heating anymore light comes on but no heat if turned off and try to put it back on the light wo ntcomeonplease check faut faire une preauthorisation avant de changer piece faut faire une preauthorisation avant de changer piece scanner test no trouble code check bulletin none disassemble air bag module disconnect steering module checkcurrentandgroundokcontinue diagnosisfiles at the base of the heater at the steering are useropen circuit order steering part  days filled steering wheel,"['electronics', 'steering_issue', 'heat_issue']"
3Hrffder8Nh522491,"Diesel, 6 Cyl, 3.0L, Cri, L6, Dohc, Turbo, Vgt, Al Um, Css50V","Byt 10 Spd, 10L80, Atss, Etrs, Cpa, Gen 2",Crew Cab,Full-Size Trucks,22,62183,Cs Blemish On Steering Wheel Sop In,0130.5 Replaced Steering Wheel,Wheel Asm-Strg *Jet Black,Freg_Pol,430.11,86.07,430.11,Apexshore Motors,Houston,Tx,1,Cs Blemish On Steering Wheel Sop In 0130.5 Replaced Steering Wheel,cs blemish on steering wheel sop in  replaced steering wheel,['steering_issue']
1Hr49Re78Sf167912,"Gas, 8 Cyl, 6.6L, Sidi, Vvt, Cast Iron","Byt 6 Spd, Hmd, 6L90",Crew Cab,Full-Size Trucks,9,30941,Customer States Steering Wheel Leather Trim Is Coming Un-Stitched At The 6 O'Clock Position. . .Claim Approved By Gm(487258100000),Remove And Replaced Steering Wheel,Wheel Asm-Strg *Jet Black,Freg,507.32,59.34,507.32,Silverroad Motors,Mansfield,Ma,1,Customer States Steering Wheel Leather Trim Is Coming Un-Stitched At The 6 O'Clock Position. . .Claim Approved By Gm(487258100000) Remove And Replaced Steering Wheel,customer states steering wheel leather trim is coming unstitched at the  oclock position  claim approved by gm remove and replaced steering wheel,"['steering_issue', 'material_wear']"
1Hnskrkd6Rr110090,"Gas, 8 Cyl, 5.3L, V8, Di, Dfm, Alum, Gen 5","Byt 10 Spd, 10L80, Grx, Gen 1, Atss, Etrs, Var 1",4 Door Utility,Full-Size Utility,2,5666,Customers States The Stitching Is Coming Undo Ne On The Steering,Steering Wheel Replacement,Wheel Asm-Strg *Jet Black,Freg,435.26,61.08,435.26,Crestview Auto Sales,Midlothian,Va,1,Customers States The Stitching Is Coming Undo Ne On The Steering Steering Wheel Replacement,customers states the stitching is coming undo ne on the steering steering wheel replacement,['steering_issue']
3Hcfdded5Nh572905,"Gas, 8 Cyl, 5.3L, V8, Di, Dfm, Alum, Gen 5","Byt 10 Spd, 10R80, Grx, Gen 1, Atss, Var 1",Crew Cab,Full-Size Trucks,21,33819,Cs Steering Wheel Leather Is Coming Undone At Lower Section,"Autorizacin Aceptada, Volante Reemplazado Para Corregir La Preocupacin",Wheel Asm-Strg *Jet Black,Freg,238.04,63.71,205.96,Summitedge Motors,Auburn,In,1,"Cs Steering Wheel Leather Is Coming Undone At Lower Section Autorizacin Aceptada, Volante Reemplazado Para Corregir La Preocupacin",cs steering wheel leather is coming undone at lower section autorizacin aceptada volante reemplazado para corregir la preocupacin,"['steering_issue', 'material_wear']"
1Hr49Xey6Rf285876,"Diesel, 8 Cyl, 6.6L, Di, V8, Turbo, Duramax, Gen 5 Var. 1","Byt 10 Spd, 10R1000, Grx, Gen 1, Var 1",Crew Cab,Full-Size Trucks,3,9088,General Concern [[Covered By W] Service Safety Restraints Light],Replaced Steering Column Harness With Additional Air Bag,Harness Asm-Strg Whl Horn Sw Wrg,Freg,1166.27,190.58,1166.27,Horizonstar Auto,San Antonio,Tx,1,General Concern [[Covered By W] Service Safety Restraints Light] Replaced Steering Column Harness With Additional Air Bag,general concern covered by w service safety restraints light replaced steering column harness with additional air bag,['steering_issue']
3Hnkbcr47Ns151581,"Gas, 4 Cyl, L4, 2.0L, Sidi, Dohc, Vvt, Alum, Turb O, Var 3","Eu:N:X:Z|Transmission Byt 9 Spd, 9T60, Gen 1",4 Door Utility,Crossover Suv,23,58324,Steering Wheel Bezel Bubbling Sop In,Replaced Steering Wheel,Wheel Asm-Strg *Jet Black,Freg_Pol,284.89,57.2,284.89,Legacyroad Motors,Cape Coral,Fl,1,Steering Wheel Bezel Bubbling Sop In Replaced Steering Wheel,steering wheel bezel bubbling sop in replaced steering wheel,['steering_issue']
3Hcfdeed0Sh124676,"Gas, 8 Cyl, 5.3L, V8, Di, Dfm, Alum, Gen 5","Byt 10 Spd, 10R80, Grx, Gen 1, Atss, Var 1",Crew Cab,Full-Size Trucks,2,11537,Heated Steering Wheel When Engaged Will Turn On And Go Back Off,Inspect And Found Code B1A4C- Following Service Procedures-Found Steering Wheel Heater Shorted-Replaced Steering Wheel Assembly,Wheel Asm-Strg *Jet Black,Freg,482.78,119.23,438.78,Cityline Auto Sales,Eldersburg,Md,1,Heated Steering Wheel When Engaged Will Turn On And Go Back Off Inspect And Found Code B1A4C- Following Service Procedures-Found Steering Wheel Heater Shorted-Replaced Steering Wheel Assembly,heated steering wheel when engaged will turn on and go back off inspect and found code bac following service proceduresfound steering wheel heater shortedreplaced steering wheel assembly,"['electronics', 'steering_issue', 'heat_issue']"
1Hnskckdxnr189867,"Gas, 8 Cyl, 5.3L, V8, Di, Dfm, Alum, Gen 5","Byt 10 Spd, 10L80, Grx, Gen 1, Atss, Etrs, Var 1",4 Door Utility,Full-Size Utility,25,37708,Customer States New Heated Steering Wheel Installed As Retrofit On R.O. 22330 In Coming Apart Towards Bottom Of Steering Wheel,Removed And Replaced Steering Wheel,Wheel Asm-Strg *Jet Black,Freg,256.11,66.33,256.11,Goldpeak Car Traders,Freehold,Nj,1,Customer States New Heated Steering Wheel Installed As Retrofit On R.O. 22330 In Coming Apart Towards Bottom Of Steering Wheel Removed And Replaced Steering Wheel,customer states new heated steering wheel installed as retrofit on ro  in coming apart towards bottom of steering wheel removed and replaced steering wheel,"['steering_issue', 'heat_issue']"
1Hkknlls4Sz248206,"Gas, 6 Cyl, 3.6L, V6, Di, Dohc, Vvt, Alum, Gen 2","Transmission Byt 9 Spd, 9T65, Etrs Gen 1",4 Door Utility,Crossover Suv,5,11781,Re&Re Steering Wheel. Part Is Here,"Inspected Steering Wheel And Found Leather Under Stitching At Left Han D Thumb Grip To Have Started To Lift. Pictures Ofwheeltaken, Replaced Ordered Steering Wheel Pra 496611700000",Wheel Asm-Strg *Black,Freg,355.82,31.93,355.82,Royaldrive Motors,Brantford,On,1,"Re&Re Steering Wheel. Part Is Here Inspected Steering Wheel And Found Leather Under Stitching At Left Han D Thumb Grip To Have Started To Lift. Pictures Ofwheeltaken, Replaced Ordered Steering Wheel Pra 496611700000",rere steering wheel part is here inspected steering wheel and found leather under stitching at left han d thumb grip to have started to lift pictures ofwheeltaken replaced ordered steering wheel pra ,"['steering_issue', 'material_wear']"
3Hrs9Eed0Lh255650,"Gas, 8 Cyl, 5.3L, V8, Di, Dfm, Alum, Gen 5","Byt 10 Spd, 10L80, Grx, Gen 1, Atss, Etrs, Var 1",4 Door Utility,Full-Size Utility,13,17008,Customer States The Finish On The Steering Wheel Is Coming Off And It Gets Really Sticky When It Gets Hot Out,Replaced Applique,Applique Asm-Strg Whl Tr Spoke Cvr *Synthesis,Freg,120.37,88.31,120.37,Swiftstone Auto Sales,Muncy,Pa,1,Customer States The Finish On The Steering Wheel Is Coming Off And It Gets Really Sticky When It Gets Hot Out Replaced Applique,customer states the finish on the steering wheel is coming off and it gets really sticky when it gets hot out replaced applique,['steering_issue']
1Hyknhrs6Mz221833,"Gas, 6 Cyl, 3.6L, V6, Di, Dohc, Vvt, Alum, Gen 2","Transmission Byt 9 Spd, 9T65, Etrs Gen 1",4 Door Utility,Global Crossover Vehicles,32,35451,Customer States That The Steering Is Very Tight And You Can Hear It Rubbing In The Steering Column When You Turn Pra 497110800000,Replaced Steering Wheel Completedlop 0130 Time .4,Wheel Asm-Strg *Black,Freg,1026.53,59.88,718.53,Primewheel Auto,Newport News,Va,1,Customer States That The Steering Is Very Tight And You Can Hear It Rubbing In The Steering Column When You Turn Pra 497110800000 Replaced Steering Wheel Completedlop 0130 Time .4,customer states that the steering is very tight and you can hear it rubbing in the steering column when you turn pra  replaced steering wheel completedlop  time ,['steering_issue']
1Hykssrl4Sz003381,Unknown,Unknown,4 Door Utility,Bev,8,13393,Cs Driver Assistance Warning Light Is Coming On While Driving,Replaced Steering Wheel,Wheel Asm-Strg *Backen Blackk,Freg,1474.06,118.9,1474.06,Bluestream Car Traders,Ridgeland,Ms,1,Cs Driver Assistance Warning Light Is Coming On While Driving Replaced Steering Wheel,cs driver assistance warning light is coming on while driving replaced steering wheel,['steering_issue']
1Hkknxls3Sz128369,"Gas, 6 Cyl, 3.6L, V6, Di, Dohc, Vvt, Alum, Gen 2","Transmission Byt 9 Spd, 9T65, Etrs Gen 1",4 Door Utility,Crossover Suv,12,25341,Customer Statescustomer States Vehicle Steering Wheel Coming Apart In Op Check And Advise Sop Steering Wheel In Check And Advise,Replaced Steering Wheel Pra 496735300000,Wheel Asm-Strg *Black,Freg,481.95,86.57,481.95,Crestline Drive Auto,Signal Hill,Ca,1,Customer Statescustomer States Vehicle Steering Wheel Coming Apart In Op Check And Advise Sop Steering Wheel In Check And Advise Replaced Steering Wheel Pra 496735300000,customer statescustomer states vehicle steering wheel coming apart in op check and advise sop steering wheel in check and advise replaced steering wheel pra ,['steering_issue']
1Hc4Wle78Rf260518,"Gas, 8 Cyl, 6.6L, Sidi, Vvt, Cast Iron","Byt 10 Spd, Rwd 4.54 1St, 2.86 2Nd, 2.06 3Rd, 1.7 1 4Th, 1.48 5Th, 1.26 6Th, 1.00 7Th, 10L",Crew Cab,Full-Size Trucks,4,13,Customer States There Is Clicking Type Noise Coming From Steering Wheel When Turning.E,Removed Steering Wheel And Disassembled And Found Screw Floating Around Behind Cover Removed And Reassembled And Noise Is No Longer Present,Wheel Asm-Strg *Jet Black,Freg,101.85,101.85,101.85,Westpoint Motors,Sarasota,Fl,1,Customer States There Is Clicking Type Noise Coming From Steering Wheel When Turning.E Removed Steering Wheel And Disassembled And Found Screw Floating Around Behind Cover Removed And Reassembled And Noise Is No Longer Present,customer states there is clicking type noise coming from steering wheel when turninge removed steering wheel and disassembled and found screw floating around behind cover removed and reassembled and noise is no longer present,['steering_issue']
1Hkknxls8Mz121378,"Gas, 6 Cyl, 3.6L, V6, Di, Dohc, Vvt, Alum, Gen 2","Transmission Byt 9 Spd, 9T65, Etrs Gen 1",4 Door Utility,Crossover Suv,38,48660,11Buz Minor Electrical Cust States Stitching Coming Apart From Steering Wheel Replace Steering Wheel (Sop Here) 7440130 .4 Pre Auth# 493358100000,R&R Steering Wheel For Bad Stitching. -Returned Old Wheel To Parts Department For Warranty.,Wheel Asm-Strg *Dark Galvanie,Freg_Pol,524.56,54.27,524.56,Urbancrest Auto Sales,New Britain,Ct,1,11Buz Minor Electrical Cust States Stitching Coming Apart From Steering Wheel Replace Steering Wheel (Sop Here) 7440130 .4 Pre Auth# 493358100000 R&R Steering Wheel For Bad Stitching. -Returned Old Wheel To Parts Department For Warranty.,buz minor electrical cust states stitching coming apart from steering wheel replace steering wheel sop here   pre auth  rr steering wheel for bad stitching returned old wheel to parts department for warranty,"['electronics', 'steering_issue']"
